city,state_id,state_code
Bamboo Flat,4023,AN
Nicobar,4023,AN
Port Blair,4023,AN
South Andaman,4023,AN
Addanki,4017,AP
Adoni,4017,AP
Akasahebpet,4017,AP
Akividu,4017,AP
Akkarampalle,4017,AP
Amalapuram,4017,AP
Amudalavalasa,4017,AP
Anakapalle,4017,AP
Anantapur,4017,AP
Atmakur,4017,AP
Attili,4017,AP
Avanigadda,4017,AP
Badvel,4017,AP
Banganapalle,4017,AP
Bapatla,4017,AP
Betamcherla,4017,AP
Bhattiprolu,4017,AP
Bhimavaram,4017,AP
Bhimunipatnam,4017,AP
Bobbili,4017,AP
Challapalle,4017,AP
Chemmumiahpet,4017,AP
Chilakalurupet,4017,AP
Chinnachowk,4017,AP
Chipurupalle,4017,AP
Chirala,4017,AP
Chittoor,4017,AP
Chodavaram,4017,AP
Cuddapah,4017,AP
Cumbum,4017,AP
Darsi,4017,AP
Dharmavaram,4017,AP
Dhone,4017,AP
Diguvametta,4017,AP
East Godavari,4017,AP
Elamanchili,4017,AP
Ellore,4017,AP
Emmiganur,4017,AP
Erraguntla,4017,AP
Etikoppaka,4017,AP
Gajuwaka,4017,AP
Ganguvada,4017,AP
Gannavaram,4017,AP
Giddalur,4017,AP
Gokavaram,4017,AP
Gorantla,4017,AP
GovindapuramChilakaluripetGuntur,4017,AP
Gudivada,4017,AP
Gudlavalleru,4017,AP
Gudur,4017,AP
Guntakal Junction,4017,AP
Guntur,4017,AP
Hindupur,4017,AP
Ichchapuram,4017,AP
Jaggayyapeta,4017,AP
Jammalamadugu,4017,AP
Kadiri,4017,AP
Kaikalur,4017,AP
Kakinada,4017,AP
Kalyandurg,4017,AP
Kamalapuram,4017,AP
Kandukur,4017,AP
Kanigiri,4017,AP
Kankipadu,4017,AP
Kanuru,4017,AP
Kavali,4017,AP
Kolanukonda,4017,AP
Kondapalle,4017,AP
Korukollu,4017,AP
Kosigi,4017,AP
Kovvur,4017,AP
Krishna,4017,AP
Kuppam,4017,AP
Kurnool,4017,AP
Macherla,4017,AP
Machilipatnam,4017,AP
Madanapalle,4017,AP
Madugula,4017,AP
Mandapeta,4017,AP
Mandasa,4017,AP
Mangalagiri,4017,AP
Markapur,4017,AP
Nagari,4017,AP
Nagireddipalli,4017,AP
Nandigama,4017,AP
Nandikotkur,4017,AP
Nandyal,4017,AP
Narasannapeta,4017,AP
Narasapur,4017,AP
Narasaraopet,4017,AP
Narasingapuram,4017,AP
Narayanavanam,4017,AP
Narsipatnam,4017,AP
Nayudupet,4017,AP
Nellore,4017,AP
Nidadavole,4017,AP
Nuzvid,4017,AP
Ongole,4017,AP
Pakala,4017,AP
Palakollu,4017,AP
Palasa,4017,AP
Palkonda,4017,AP
Pallevada,4017,AP
Palmaner,4017,AP
Parlakimidi,4017,AP
Parvatipuram,4017,AP
Pavuluru,4017,AP
Pedana,4017,AP
pedda nakkalapalem,4017,AP
Peddapuram,4017,AP
Penugonda,4017,AP
Penukonda,4017,AP
Phirangipuram,4017,AP
Pippara,4017,AP
Pithapuram,4017,AP
Polavaram,4017,AP
Ponnur,4017,AP
Ponnuru,4017,AP
Prakasam,4017,AP
Proddatur,4017,AP
Pulivendla,4017,AP
Punganuru,4017,AP
Puttaparthi,4017,AP
Puttur,4017,AP
Rajahmundry,4017,AP
Ramachandrapuram,4017,AP
Ramanayyapeta,4017,AP
Ramapuram,4017,AP
Rampachodavaram,4017,AP
Rayachoti,4017,AP
Rayadrug,4017,AP
Razam,4017,AP
Razampeta,4017,AP
Razole,4017,AP
Renigunta,4017,AP
Repalle,4017,AP
Salur,4017,AP
Samalkot,4017,AP
Sattenapalle,4017,AP
Singarayakonda,4017,AP
Sompeta,4017,AP
Srikakulam,4017,AP
Srisailain,4017,AP
Suluru,4017,AP
Tadepalle,4017,AP
Tadepallegudem,4017,AP
Tadpatri,4017,AP
Tanuku,4017,AP
Tekkali,4017,AP
Tirumala,4017,AP
Tirupati,4017,AP
Tuni,4017,AP
Uravakonda,4017,AP
vadlamuru,4017,AP
Vadlapudi,4017,AP
Venkatagiri,4017,AP
Vepagunta,4017,AP
Vetapalem,4017,AP
Vijayawada,4017,AP
Vinukonda,4017,AP
Visakhapatnam,4017,AP
Vizianagaram,4017,AP
Vizianagaram District,4017,AP
Vuyyuru,4017,AP
West Godavari,4017,AP
Yanam,4017,AP
Yanamalakuduru,4017,AP
Yarada,4017,AP
Along,4024,AR
Anjaw,4024,AR
Basar,4024,AR
Bomdila,4024,AR
Changlang,4024,AR
Dibang Valley,4024,AR
East Kameng,4024,AR
East Siang,4024,AR
Hayuliang,4024,AR
Itanagar,4024,AR
Khonsa,4024,AR
Kurung Kumey,4024,AR
Lohit District,4024,AR
Lower Dibang Valley,4024,AR
Lower Subansiri,4024,AR
Margherita,4024,AR
Naharlagun,4024,AR
Pasighat,4024,AR
Tawang,4024,AR
Tezu,4024,AR
Tirap,4024,AR
Upper Siang,4024,AR
Upper Subansiri,4024,AR
West Kameng,4024,AR
West Siang,4024,AR
Ziro,4024,AR
Abhayapuri,4027,AS
Amguri,4027,AS
Badarpur,4027,AS
Baksa,4027,AS
Barpathar,4027,AS
Barpeta,4027,AS
Barpeta Road,4027,AS
Basugaon,4027,AS
Bihpuriagaon,4027,AS
Bijni,4027,AS
Bilasipara,4027,AS
Bokajan,4027,AS
Bokakhat,4027,AS
Bongaigaon,4027,AS
Cachar,4027,AS
Chabua,4027,AS
Chapar,4027,AS
Chirang,4027,AS
Darrang,4027,AS
Dergaon,4027,AS
Dhekiajuli,4027,AS
Dhemaji,4027,AS
Dhing,4027,AS
Dhubri,4027,AS
Dibrugarh,4027,AS
Digboi,4027,AS
Dima Hasao District,4027,AS
Diphu,4027,AS
Dispur,4027,AS
Duliagaon,4027,AS
Dum Duma,4027,AS
Gauripur,4027,AS
Goalpara,4027,AS
Gohpur,4027,AS
Golaghat,4027,AS
Golakganj,4027,AS
Goshaingaon,4027,AS
Guwahati,4027,AS
Haflong,4027,AS
Hailakandi,4027,AS
Hajo,4027,AS
Hojai,4027,AS
Howli,4027,AS
Jogighopa,4027,AS
Jorhat,4027,AS
Kamrup,4027,AS
Kamrup Metropolitan,4027,AS
Karbi Anglong,4027,AS
Karimganj,4027,AS
Kharupatia,4027,AS
Kokrajhar,4027,AS
Lakhimpur,4027,AS
Lakhipur,4027,AS
Lala,4027,AS
Lumding Railway Colony,4027,AS
Mahur,4027,AS
Maibong,4027,AS
Makum,4027,AS
Mangaldai,4027,AS
Mariani,4027,AS
Moranha,4027,AS
Morigaon,4027,AS
Nagaon,4027,AS
Nahorkatiya,4027,AS
Nalbari,4027,AS
Namrup,4027,AS
Nazira,4027,AS
North Guwahati,4027,AS
North Lakhimpur,4027,AS
Numaligarh,4027,AS
Palasbari,4027,AS
Raha,4027,AS
Rangapara,4027,AS
Rangia,4027,AS
Sapatgram,4027,AS
Sarupathar,4027,AS
Sibsagar,4027,AS
Silapathar,4027,AS
Silchar,4027,AS
Soalkuchi,4027,AS
Sonari,4027,AS
Sonitpur,4027,AS
Sorbhog,4027,AS
Tezpur,4027,AS
Tinsukia,4027,AS
Titabar,4027,AS
Udalguri,4027,AS
Amarpur,4037,BR
Araria,4037,BR
Arrah,4037,BR
Arwal,4037,BR
Asarganj,4037,BR
Aurangabad,4037,BR
Bagaha,4037,BR
Bahadurganj,4037,BR
Bairagnia,4037,BR
Baisi,4037,BR
Bakhtiyarpur,4037,BR
Bangaon,4037,BR
Banka,4037,BR
Banmankhi,4037,BR
Bar Bigha,4037,BR
Barauli,4037,BR
Barh,4037,BR
Barhiya,4037,BR
Bariarpur,4037,BR
Baruni,4037,BR
Begusarai,4037,BR
Belsand,4037,BR
Bettiah,4037,BR
Bhabhua,4037,BR
Bhagalpur,4037,BR
Bhagirathpur,4037,BR
Bhawanipur,4037,BR
Bhojpur,4037,BR
Bihar Sharif,4037,BR
Bihariganj,4037,BR
Bikramganj,4037,BR
Birpur,4037,BR
Bodh Gaya,4037,BR
Buxar,4037,BR
Chakia,4037,BR
Chapra,4037,BR
Chhatapur,4037,BR
Colgong,4037,BR
Dalsingh Sarai,4037,BR
Darbhanga,4037,BR
Daudnagar,4037,BR
Dehri,4037,BR
Dhaka,4037,BR
Dighwara,4037,BR
Dinapore,4037,BR
Dumra,4037,BR
Dumraon,4037,BR
Fatwa,4037,BR
Forbesganj,4037,BR
Gaya,4037,BR
Ghoga,4037,BR
Gopalganj,4037,BR
Hajipur,4037,BR
Hilsa,4037,BR
Hisua,4037,BR
Islampur,4037,BR
Jagdispur,4037,BR
Jahanabad,4037,BR
Jamalpur,4037,BR
Jamui,4037,BR
Jaynagar,4037,BR
Jehanabad,4037,BR
Jha-Jha,4037,BR
Jhanjharpur,4037,BR
Jogbani,4037,BR
Kaimur District,4037,BR
Kasba,4037,BR
Katihar,4037,BR
Khagaria,4037,BR
Khagaul,4037,BR
Kharagpur,4037,BR
Khusropur,4037,BR
Kishanganj,4037,BR
Koath,4037,BR
Koelwar,4037,BR
Lakhisarai,4037,BR
Lalganj,4037,BR
Luckeesarai,4037,BR
Madhepura,4037,BR
Madhubani,4037,BR
Maharajgani,4037,BR
Mairwa,4037,BR
Maner,4037,BR
Manihari,4037,BR
Marhaura,4037,BR
Masaurhi Buzurg,4037,BR
Mohiuddi nagar,4037,BR
Mokameh,4037,BR
Monghyr,4037,BR
Mothihari,4037,BR
Munger,4037,BR
Murliganj,4037,BR
Muzaffarpur,4037,BR
Nabinagar,4037,BR
Nalanda,4037,BR
Nasriganj,4037,BR
Naugachhia,4037,BR
Nawada,4037,BR
Nirmali,4037,BR
Pashchim Champaran,4037,BR
Patna,4037,BR
Piro,4037,BR
Pupri,4037,BR
Purba Champaran,4037,BR
Purnia,4037,BR
Rafiganj,4037,BR
Raghunathpur,4037,BR
Rajgir,4037,BR
Ramnagar,4037,BR
Raxaul,4037,BR
Revelganj,4037,BR
Rohtas,4037,BR
Rusera,4037,BR
Sagauli,4037,BR
Saharsa,4037,BR
Samastipur,4037,BR
Saran,4037,BR
Shahbazpur,4037,BR
Shahpur,4037,BR
Sheikhpura,4037,BR
Sheohar,4037,BR
Sherghati,4037,BR
Silao,4037,BR
Sitamarhi,4037,BR
Siwan,4037,BR
Supaul,4037,BR
Teghra,4037,BR
Tekari,4037,BR
Thakurganj,4037,BR
Vaishali,4037,BR
Waris Aliganj,4037,BR
Chandigarh,4031,CH
Akaltara,4040,CT
Ambagarh Chauki,4040,CT
Ambikapur,4040,CT
Arang,4040,CT
Baikunthpur,4040,CT
Balod,4040,CT
Baloda,4040,CT
Baloda Bazar,4040,CT
Basna,4040,CT
Bastar,4040,CT
Bemetara,4040,CT
Bhanpuri,4040,CT
Bhatapara,4040,CT
Bhatgaon,4040,CT
Bhilai,4040,CT
Bijapur,4040,CT
Bilaspur,4040,CT
Champa,4040,CT
Chhuikhadan,4040,CT
Dantewada,4040,CT
Deori,4040,CT
Dhamtari,4040,CT
Dongargaon,4040,CT
Dongargarh,4040,CT
Durg,4040,CT
Gandai,4040,CT
Gariaband,4040,CT
Gaurela,4040,CT
Gharghoda,4040,CT
Gidam,4040,CT
Jagdalpur,4040,CT
Janjgir,4040,CT
Janjgir-Champa,4040,CT
Jashpur,4040,CT
Jashpurnagar,4040,CT
Junagarh,4040,CT
Kabeerdham,4040,CT
Kanker,4040,CT
Katghora,4040,CT
Kawardha,4040,CT
Khairagarh,4040,CT
Khamharia,4040,CT
Kharod,4040,CT
Kharsia,4040,CT
Kirandul,4040,CT
Kondagaon,4040,CT
Korba,4040,CT
Koria,4040,CT
Kota,4040,CT
Kotaparh,4040,CT
Kumhari,4040,CT
Kurud,4040,CT
Lormi,4040,CT
Mahasamund,4040,CT
Mungeli,4040,CT
Narayanpur,4040,CT
Narharpur,4040,CT
Pandaria,4040,CT
Pandatarai,4040,CT
Pasan,4040,CT
Patan,4040,CT
Pathalgaon,4040,CT
Pendra,4040,CT
Pithora,4040,CT
Raigarh,4040,CT
Raipur,4040,CT
Raj Nandgaon,4040,CT
Ramanuj Ganj,4040,CT
Ratanpur,4040,CT
Sakti,4040,CT
Saraipali,4040,CT
Sarangarh,4040,CT
Seorinarayan,4040,CT
Simga,4040,CT
Surguja,4040,CT
Takhatpur,4040,CT
Umarkot,4040,CT
Uttar Bastar Kanker,4040,CT
Amli,4033,DH
Dadra,4033,DH
Dadra & Nagar Haveli,4033,DH
Daman,4033,DH
Diu,4033,DH
Silvassa,4033,DH
Alipur,4021,DL
Bawana,4021,DL
Central Delhi,4021,DL
Delhi,4021,DL
Deoli,4021,DL
East Delhi,4021,DL
Karol Bagh,4021,DL
Najafgarh,4021,DL
Nangloi Jat,4021,DL
Narela,4021,DL
New Delhi,4021,DL
North Delhi,4021,DL
North East Delhi,4021,DL
North West Delhi,4021,DL
Pitampura,4021,DL
Rohini,4021,DL
South Delhi,4021,DL
South West Delhi,4021,DL
West Delhi,4021,DL
Aldona,4009,GA
Arambol,4009,GA
Baga,4009,GA
Bambolim,4009,GA
Bandora,4009,GA
Benaulim,4009,GA
Calangute,4009,GA
Candolim,4009,GA
Carapur,4009,GA
Cavelossim,4009,GA
Chicalim,4009,GA
Chinchinim,4009,GA
Colovale,4009,GA
Colva,4009,GA
Cortalim,4009,GA
Cuncolim,4009,GA
Curchorem,4009,GA
Curti,4009,GA
Davorlim,4009,GA
Dicholi,4009,GA
Goa Velha,4009,GA
Guirim,4009,GA
Jua,4009,GA
Kankon,4009,GA
Madgaon,4009,GA
Mapuca,4009,GA
Morjim,4009,GA
Mormugao,4009,GA
Navelim,4009,GA
North Goa,4009,GA
Palle,4009,GA
Panaji,4009,GA
Pernem,4009,GA
Ponda,4009,GA
Quepem,4009,GA
Queula,4009,GA
Raia,4009,GA
Saligao,4009,GA
Sancoale,4009,GA
Sanguem,4009,GA
Sanquelim,4009,GA
Sanvordem,4009,GA
Serula,4009,GA
Solim,4009,GA
South Goa,4009,GA
Taleigao,4009,GA
Vagator,4009,GA
Valpoy,4009,GA
Varca,4009,GA
Vasco da Gama,4009,GA
Abrama,4030,GJ
Adalaj,4030,GJ
Agol,4030,GJ
Ahmedabad,4030,GJ
Ahwa,4030,GJ
Akrund,4030,GJ
Amod,4030,GJ
Amreli,4030,GJ
Amroli,4030,GJ
Anand,4030,GJ
Anjar,4030,GJ
Ankleshwar,4030,GJ
Babra,4030,GJ
Bagasara,4030,GJ
Bagasra,4030,GJ
Bakharla,4030,GJ
Balagam,4030,GJ
Balasinor,4030,GJ
Balisana,4030,GJ
Bamanbore,4030,GJ
Banas Kantha,4030,GJ
Bandia,4030,GJ
Bantva,4030,GJ
Bardoli,4030,GJ
Bavla,4030,GJ
Bedi,4030,GJ
Bhachau,4030,GJ
Bhadran,4030,GJ
Bhandu,4030,GJ
Bhanvad,4030,GJ
Bharuch,4030,GJ
Bhatha,4030,GJ
Bhavnagar,4030,GJ
Bhayavadar,4030,GJ
Bhildi,4030,GJ
Bhojpur Dharampur,4030,GJ
Bhuj,4030,GJ
Bilimora,4030,GJ
Bilkha,4030,GJ
Borsad,4030,GJ
Botad,4030,GJ
Chaklasi,4030,GJ
Chalala,4030,GJ
Chaloda,4030,GJ
Champaner,4030,GJ
Chanasma,4030,GJ
Chhala,4030,GJ
Chhota Udepur,4030,GJ
Chikhli,4030,GJ
Chotila,4030,GJ
Chuda,4030,GJ
Dabhoda,4030,GJ
Dabhoi,4030,GJ
Dahegam,4030,GJ
Dahod,4030,GJ
Dakor,4030,GJ
Damnagar,4030,GJ
Dandi,4030,GJ
Dangs (India),4030,GJ
Danta,4030,GJ
Dayapar,4030,GJ
Delvada,4030,GJ
Delwada,4030,GJ
Detroj,4030,GJ
Devbhumi Dwarka,4030,GJ
Devgadh Bariya,4030,GJ
Dhandhuka,4030,GJ
Dhanera,4030,GJ
Dhansura,4030,GJ
Dharampur,4030,GJ
Dharasana,4030,GJ
Dhari,4030,GJ
Dhasa,4030,GJ
Dhola,4030,GJ
Dholera,4030,GJ
Dholka,4030,GJ
Dhoraji,4030,GJ
Dhrangadhra,4030,GJ
Dhrol,4030,GJ
Dhuwaran,4030,GJ
Disa,4030,GJ
Dohad,4030,GJ
Dumkhal,4030,GJ
Dungarpur,4030,GJ
Dwarka,4030,GJ
Gadhada,4030,GJ
Gandevi,4030,GJ
Gandhidham,4030,GJ
Gandhinagar,4030,GJ
Gariadhar,4030,GJ
Ghodasar,4030,GJ
Ghogha,4030,GJ
Gir Somnath,4030,GJ
Godhra,4030,GJ
Gondal,4030,GJ
Gorwa,4030,GJ
Halenda,4030,GJ
Halol,4030,GJ
Halvad,4030,GJ
Hansot,4030,GJ
Harij,4030,GJ
Harsol,4030,GJ
Hathuran,4030,GJ
Himatnagar,4030,GJ
Idar,4030,GJ
Jakhau,4030,GJ
Jalalpore,4030,GJ
Jalalpur,4030,GJ
Jalia,4030,GJ
Jambuda,4030,GJ
Jambusar,4030,GJ
Jamnagar,4030,GJ
Jarod,4030,GJ
Jasdan,4030,GJ
Jetalpur,4030,GJ
Jetalsar,4030,GJ
Jetpur,4030,GJ
Jetpur (Navagadh),4030,GJ
Jhalod,4030,GJ
Jhulasan,4030,GJ
Jodhpur,4030,GJ
Jodhpur (Ahmedabad),4030,GJ
Jodia,4030,GJ
Jodiya Bandar,4030,GJ
Junagadh,4030,GJ
Kachchh,4030,GJ
Kachholi,4030,GJ
Kadi,4030,GJ
Kadod,4030,GJ
Kalavad,4030,GJ
Kalol,4030,GJ
Kandla,4030,GJ
Kandla port,4030,GJ
Kanodar,4030,GJ
Kapadvanj,4030,GJ
Karamsad,4030,GJ
Kariana,4030,GJ
Karjan,4030,GJ
Kathor,4030,GJ
Katpur,4030,GJ
Kawant,4030,GJ
Kayavarohan,4030,GJ
Kerwada,4030,GJ
Keshod,4030,GJ
Khambhalia,4030,GJ
Khambhat,4030,GJ
Khavda,4030,GJ
Kheda,4030,GJ
Khedbrahma,4030,GJ
Khedoi,4030,GJ
Kherali,4030,GJ
Kheralu,4030,GJ
Kodinar,4030,GJ
Kosamba,4030,GJ
Kothara,4030,GJ
Kotharia,4030,GJ
Kukarmunda,4030,GJ
Kukma,4030,GJ
Kundla,4030,GJ
Kutch district,4030,GJ
Kutiyana,4030,GJ
Ladol,4030,GJ
Lakhpat,4030,GJ
Lakhtar,4030,GJ
Lalpur,4030,GJ
Langhnaj,4030,GJ
Lathi,4030,GJ
Limbdi,4030,GJ
Limkheda,4030,GJ
Lunavada,4030,GJ
Madhavpur Ghed,4030,GJ
Madhi,4030,GJ
Mahemdavad,4030,GJ
Mahesana,4030,GJ
Mahisa,4030,GJ
Mahudha,4030,GJ
Mahuva,4030,GJ
Mahuva (Surat),4030,GJ
Malpur,4030,GJ
Manavadar,4030,GJ
Mandal,4030,GJ
Mandvi,4030,GJ
Mandvi (Surat),4030,GJ
Mangrol,4030,GJ
Mangrol (Junagadh),4030,GJ
Mansa,4030,GJ
Meghraj,4030,GJ
Mehsana,4030,GJ
Mendarda,4030,GJ
Mithapur,4030,GJ
Modasa,4030,GJ
Morbi,4030,GJ
Morva (Hadaf),4030,GJ
Morwa,4030,GJ
Mundra,4030,GJ
Nadiad,4030,GJ
Nagwa,4030,GJ
Naldhara,4030,GJ
Naliya,4030,GJ
Nargol,4030,GJ
Narmada,4030,GJ
Naroda,4030,GJ
Navsari,4030,GJ
Nikora,4030,GJ
Nizar,4030,GJ
Odadar,4030,GJ
Okha,4030,GJ
Olpad,4030,GJ
Paddhari,4030,GJ
Padra,4030,GJ
Palanpur,4030,GJ
Palanswa,4030,GJ
Palitana,4030,GJ
Paliyad,4030,GJ
Palsana,4030,GJ
Panch Mahals,4030,GJ
Panchmahal district,4030,GJ
Pardi,4030,GJ
Parnera,4030,GJ
Patan,4030,GJ
Pavi Jetpur,4030,GJ
Petlad,4030,GJ
Pipavav,4030,GJ
Piplod,4030,GJ
Porbandar,4030,GJ
Prabhas Patan,4030,GJ
Prantij,4030,GJ
Radhanpur,4030,GJ
Rajkot,4030,GJ
Rajpipla,4030,GJ
Rajula,4030,GJ
Ranavav,4030,GJ
Ranpur,4030,GJ
Rapar,4030,GJ
Reha,4030,GJ
Roha,4030,GJ
Sabar Kantha,4030,GJ
Sachin,4030,GJ
Salaya,4030,GJ
Samakhiali,4030,GJ
Sanand,4030,GJ
Sankheda,4030,GJ
Sarbhon,4030,GJ
Sardoi,4030,GJ
Sarkhej,4030,GJ
Sathamba,4030,GJ
Savarkundla,4030,GJ
Savli,4030,GJ
Sayla,4030,GJ
Shahpur,4030,GJ
Shivrajpur,4030,GJ
Siddhpur,4030,GJ
Sihor,4030,GJ
Sikka,4030,GJ
Sinor,4030,GJ
Sojitra,4030,GJ
Songadh,4030,GJ
Supedi,4030,GJ
Surat,4030,GJ
Surendranagar,4030,GJ
Sutrapada,4030,GJ
Talaja,4030,GJ
Tankara,4030,GJ
Tapi,4030,GJ
Than,4030,GJ
Thangadh,4030,GJ
Tharad,4030,GJ
Thasra,4030,GJ
The Dangs,4030,GJ
Umarpada,4030,GJ
Umrala,4030,GJ
Umreth,4030,GJ
Un,4030,GJ
Una,4030,GJ
Unjha,4030,GJ
Upleta,4030,GJ
Utran,4030,GJ
Vadgam,4030,GJ
Vadnagar,4030,GJ
Vadodara,4030,GJ
Vaghodia,4030,GJ
Vaghodia INA,4030,GJ
Vallabh Vidyanagar,4030,GJ
Vallabhipur,4030,GJ
Valsad,4030,GJ
Vanala,4030,GJ
Vansda,4030,GJ
Vanthli,4030,GJ
Vapi,4030,GJ
Vartej,4030,GJ
Vasa,4030,GJ
Vasavad,4030,GJ
Vaso,4030,GJ
Vataman,4030,GJ
Vejalpur,4030,GJ
Veraval,4030,GJ
Vijapur,4030,GJ
Vinchhiya,4030,GJ
Viramgam,4030,GJ
Virpur,4030,GJ
Visavadar,4030,GJ
Visnagar,4030,GJ
Vyara,4030,GJ
Wadhai,4030,GJ
Wadhwan,4030,GJ
Waghai,4030,GJ
Wankaner,4030,GJ
Ambala,4007,HR
Asandh,4007,HR
Ateli Mandi,4007,HR
Bahadurgarh,4007,HR
Bara Uchana,4007,HR
Barwala,4007,HR
Bawal,4007,HR
Beri Khas,4007,HR
Bhiwani,4007,HR
Bilaspur,4007,HR
Buriya,4007,HR
Charkhi Dadri,4007,HR
Chhachhrauli,4007,HR
Dabwali,4007,HR
Dharuhera,4007,HR
Ellenabad,4007,HR
Faridabad,4007,HR
Farrukhnagar,4007,HR
Fatehabad,4007,HR
Firozpur Jhirka,4007,HR
Gharaunda,4007,HR
Gohana,4007,HR
Gorakhpur,4007,HR
Gurgaon,4007,HR
Hansi,4007,HR
Hasanpur,4007,HR
Hisar,4007,HR
Hodal,4007,HR
Inda Chhoi,4007,HR
Indri,4007,HR
Jagadhri,4007,HR
Jakhal,4007,HR
Jhajjar,4007,HR
Jind,4007,HR
Kaithal,4007,HR
Kalanaur,4007,HR
Kalanwali,4007,HR
Kanina Khas,4007,HR
Karnal,4007,HR
Kharkhauda,4007,HR
Kheri Sampla,4007,HR
Kurukshetra,4007,HR
Ladwa,4007,HR
Loharu,4007,HR
Maham,4007,HR
Mahendragarh,4007,HR
Mandholi Kalan,4007,HR
Mustafabad,4007,HR
Narayangarh,4007,HR
Narnaul,4007,HR
Narnaund,4007,HR
Narwana,4007,HR
Nilokheri,4007,HR
Nuh,4007,HR
Palwal,4007,HR
Panchkula,4007,HR
Panipat,4007,HR
Pataudi,4007,HR
Pehowa,4007,HR
Pinjaur,4007,HR
Punahana,4007,HR
Pundri,4007,HR
Radaur,4007,HR
Rania,4007,HR
Ratia,4007,HR
Rewari,4007,HR
Rohtak,4007,HR
Safidon,4007,HR
Samalkha,4007,HR
Shadipur Julana,4007,HR
Shahabad,4007,HR
Sirsa,4007,HR
Sohna,4007,HR
Sonipat,4007,HR
Taoru,4007,HR
Thanesar,4007,HR
Tohana,4007,HR
Tosham,4007,HR
Uklana,4007,HR
Yamunanagar,4007,HR
Arki,4020,HP
Baddi,4020,HP
Banjar,4020,HP
Bilaspur,4020,HP
Chamba,4020,HP
Chaupal,4020,HP
Chowari,4020,HP
Chuari Khas,4020,HP
Dagshai,4020,HP
Dalhousie,4020,HP
Daulatpur,4020,HP
Dera Gopipur,4020,HP
Dharamsala,4020,HP
Gagret,4020,HP
Ghumarwin,4020,HP
Hamirpur,4020,HP
Jawala Mukhi,4020,HP
Jogindarnagar,4020,HP
Jubbal,4020,HP
Jutogh,4020,HP
Kalka,4020,HP
Kangar,4020,HP
Kangra,4020,HP
Kasauli,4020,HP
Kinnaur,4020,HP
Kotkhai,4020,HP
Kotla,4020,HP
Kulu,4020,HP
Kyelang,4020,HP
Lahul and Spiti,4020,HP
Manali,4020,HP
Mandi,4020,HP
Nadaun,4020,HP
Nagar,4020,HP
Nagrota,4020,HP
Nahan,4020,HP
Nalagarh,4020,HP
Palampur,4020,HP
Pandoh,4020,HP
Paonta Sahib,4020,HP
Parwanoo,4020,HP
Rajgarh,4020,HP
Rampur,4020,HP
Rohru,4020,HP
Sabathu,4020,HP
Santokhgarh,4020,HP
Sarahan,4020,HP
Sarka Ghat,4020,HP
Seoni,4020,HP
Shimla,4020,HP
Sirmaur,4020,HP
Solan,4020,HP
Sundarnagar,4020,HP
Theog,4020,HP
Tira Sujanpur,4020,HP
Una,4020,HP
Yol,4020,HP
Akhnur,4029,JK
Anantnag,4029,JK
Awantipur,4029,JK
Badgam,4029,JK
Bandipore,4029,JK
Banihal,4029,JK
Baramula,4029,JK
Batoti,4029,JK
Bhadarwah,4029,JK
Bijbehara,4029,JK
Bishnah,4029,JK
Doda,4029,JK
Ganderbal,4029,JK
Gho Brahmanan de,4029,JK
Hajan,4029,JK
Hiranagar,4029,JK
Jammu,4029,JK
Jaurian,4029,JK
Kathua,4029,JK
Katra,4029,JK
Khaur,4029,JK
Kishtwar,4029,JK
Kud,4029,JK
Kulgam,4029,JK
Kupwara,4029,JK
Ladakh,4029,JK
Magam,4029,JK
Nawanshahr,4029,JK
Noria,4029,JK
Padam,4029,JK
Pahlgam,4029,JK
Parol,4029,JK
Pattan,4029,JK
Pulwama,4029,JK
Punch,4029,JK
Qazigund,4029,JK
Rajaori,4029,JK
Rajauri,4029,JK
Ramban,4029,JK
Ramgarh,4029,JK
Ramnagar,4029,JK
Riasi,4029,JK
Samba,4029,JK
Shupiyan,4029,JK
Sopur,4029,JK
Soyibug,4029,JK
Srinagar,4029,JK
Sumbal,4029,JK
Thang,4029,JK
Thanna Mandi,4029,JK
Tral,4029,JK
Tsrar Sharif,4029,JK
Udhampur,4029,JK
Uri,4029,JK
Bagra,4025,JH
Barka Kana,4025,JH
Barki Saria,4025,JH
Barwadih,4025,JH
Bhojudih,4025,JH
Bokaro,4025,JH
Bundu,4025,JH
Chaibasa,4025,JH
Chakradharpur,4025,JH
Chakulia,4025,JH
Chandil,4025,JH
Chas,4025,JH
Chatra,4025,JH
Chiria,4025,JH
Daltonganj,4025,JH
Deogarh,4025,JH
Dhanbad,4025,JH
Dhanwar,4025,JH
Dugda,4025,JH
Dumka,4025,JH
Garhwa,4025,JH
Ghatsila,4025,JH
Giridih,4025,JH
Gobindpur,4025,JH
Godda,4025,JH
Gomoh,4025,JH
Gopinathpur,4025,JH
Gua,4025,JH
Gumia,4025,JH
Gumla,4025,JH
Hazaribag,4025,JH
Hazaribagh,4025,JH
Hesla,4025,JH
Husainabad,4025,JH
Jagannathpur,4025,JH
Jamadoba,4025,JH
Jamshedpur,4025,JH
Jamtara,4025,JH
Jasidih,4025,JH
Jharia,4025,JH
Jugsalai,4025,JH
Jumri Tilaiya,4025,JH
Kalikapur,4025,JH
Kandra,4025,JH
Kanke,4025,JH
Katras,4025,JH
Kenduadih,4025,JH
Kharsawan,4025,JH
Khunti,4025,JH
Kodarma,4025,JH
Kuju,4025,JH
Latehar,4025,JH
Lohardaga,4025,JH
Madhupur,4025,JH
Malkera,4025,JH
Manoharpur,4025,JH
Mugma,4025,JH
Mushabani,4025,JH
Neturhat,4025,JH
Nirsa,4025,JH
Noamundi,4025,JH
Pakur,4025,JH
Palamu,4025,JH
Pashchim Singhbhum,4025,JH
patamda,4025,JH
Pathardih,4025,JH
Purba Singhbhum,4025,JH
Ramgarh,4025,JH
Ranchi,4025,JH
Ray,4025,JH
Sahibganj,4025,JH
Saraikela,4025,JH
Sarubera,4025,JH
Sijua,4025,JH
Simdega,4025,JH
Sini,4025,JH
Topchanchi,4025,JH
Afzalpur,4026,KA
Ajjampur,4026,KA
Aland,4026,KA
Alnavar,4026,KA
Alur,4026,KA
Anekal,4026,KA
Ankola,4026,KA
Annigeri,4026,KA
Arkalgud,4026,KA
Arsikere,4026,KA
Athni,4026,KA
Aurad,4026,KA
Badami,4026,KA
Bagalkot,4026,KA
Bagepalli,4026,KA
Bail-Hongal,4026,KA
Ballari,4026,KA
Banavar,4026,KA
Bangarapet,4026,KA
Bannur,4026,KA
Bantval,4026,KA
Basavakalyan,4026,KA
Basavana Bagevadi,4026,KA
Belagavi,4026,KA
Belluru,4026,KA
Beltangadi,4026,KA
Belur,4026,KA
Bengaluru,4026,KA
Bengaluru Rural,4026,KA
Bengaluru Urban,4026,KA
Bhadravati,4026,KA
Bhalki,4026,KA
Bhatkal,4026,KA
Bidar,4026,KA
Bilgi,4026,KA
Birur,4026,KA
Byadgi,4026,KA
Byndoor,4026,KA
Canacona,4026,KA
Challakere,4026,KA
Chamrajnagar,4026,KA
Channagiri,4026,KA
Channapatna,4026,KA
Channarayapatna,4026,KA
Chik Ballapur,4026,KA
Chikkaballapur,4026,KA
Chikkamagaluru,4026,KA
Chiknayakanhalli,4026,KA
Chikodi,4026,KA
Chincholi,4026,KA
Chintamani,4026,KA
Chitapur,4026,KA
Chitradurga,4026,KA
Closepet,4026,KA
Coondapoor,4026,KA
Dakshina Kannada,4026,KA
Dandeli,4026,KA
Davanagere,4026,KA
Devanhalli,4026,KA
Dharwad,4026,KA
Dod Ballapur,4026,KA
French Rocks,4026,KA
Gadag,4026,KA
Gadag-Betageri,4026,KA
Gajendragarh,4026,KA
Gangawati,4026,KA
Gangolli,4026,KA
Gokak,4026,KA
Gokarna,4026,KA
Goribidnur,4026,KA
Gorur,4026,KA
Gubbi,4026,KA
Gudibanda,4026,KA
Guledagudda,4026,KA
Gundlupet,4026,KA
Gurmatkal,4026,KA
Hadagalli,4026,KA
Haliyal,4026,KA
Hampi,4026,KA
Hangal,4026,KA
Harihar,4026,KA
Harpanahalli,4026,KA
Hassan,4026,KA
Haveri,4026,KA
Heggadadevankote,4026,KA
Hirekerur,4026,KA
Hiriyur,4026,KA
Holalkere,4026,KA
Hole Narsipur,4026,KA
Homnabad,4026,KA
Honavar,4026,KA
Honnali,4026,KA
Hosanagara,4026,KA
Hosangadi,4026,KA
Hosdurga,4026,KA
Hoskote,4026,KA
Hospet,4026,KA
Hubballi,4026,KA
Hukeri,4026,KA
Hungund,4026,KA
Hunsur,4026,KA
Ilkal,4026,KA
Indi,4026,KA
Jagalur,4026,KA
Jamkhandi,4026,KA
Jevargi,4026,KA
Kadur,4026,KA
Kalaburgi,4026,KA
Kalghatgi,4026,KA
Kampli,4026,KA
Kankanhalli,4026,KA
Karkala,4026,KA
Karwar,4026,KA
Kavalur,4026,KA
Kerur,4026,KA
Khanapur,4026,KA
Kodagu,4026,KA
Kodigenahalli,4026,KA
Kodlipet,4026,KA
Kolar,4026,KA
Kollegal,4026,KA
Konanur,4026,KA
Konnur,4026,KA
Koppa,4026,KA
Koppal,4026,KA
Koratagere,4026,KA
Kotturu,4026,KA
Krishnarajpet,4026,KA
Kudachi,4026,KA
Kudligi,4026,KA
Kumsi,4026,KA
Kumta,4026,KA
Kundgol,4026,KA
Kunigal,4026,KA
Kurgunta,4026,KA
Kushalnagar,4026,KA
Kushtagi,4026,KA
Lakshmeshwar,4026,KA
Lingsugur,4026,KA
Londa,4026,KA
Maddagiri,4026,KA
Maddur,4026,KA
Madikeri,4026,KA
Magadi,4026,KA
Mahalingpur,4026,KA
Malavalli,4026,KA
Malpe,4026,KA
Malur,4026,KA
Mandya,4026,KA
Mangaluru,4026,KA
Manipal,4026,KA
Manvi,4026,KA
Mayakonda,4026,KA
Melukote,4026,KA
Mudbidri,4026,KA
Muddebihal,4026,KA
Mudgal,4026,KA
Mudgere,4026,KA
Mudhol,4026,KA
Mulbagal,4026,KA
Mulgund,4026,KA
Mulki,4026,KA
Mundargi,4026,KA
Mundgod,4026,KA
Munirabad,4026,KA
Murudeshwara,4026,KA
Mysuru,4026,KA
Nagamangala,4026,KA
Nanjangud,4026,KA
Narasimharajapura,4026,KA
Naregal,4026,KA
Nargund,4026,KA
Navalgund,4026,KA
Nelamangala,4026,KA
Nyamti,4026,KA
Pangala,4026,KA
Pavugada,4026,KA
Piriyapatna,4026,KA
Ponnampet,4026,KA
Puttur,4026,KA
Rabkavi,4026,KA
Raichur,4026,KA
Ramanagara,4026,KA
Ranibennur,4026,KA
Raybag,4026,KA
Robertsonpet,4026,KA
Ron,4026,KA
Sadalgi,4026,KA
Sagar,4026,KA
Sakleshpur,4026,KA
Sandur,4026,KA
Sanivarsante,4026,KA
Sankeshwar,4026,KA
Sargur,4026,KA
Saundatti,4026,KA
Savanur,4026,KA
Seram,4026,KA
Shahabad,4026,KA
Shahpur,4026,KA
Shiggaon,4026,KA
Shikarpur,4026,KA
Shimoga,4026,KA
Shirhatti,4026,KA
Shorapur,4026,KA
Shrirangapattana,4026,KA
Siddapur,4026,KA
Sidlaghatta,4026,KA
Sindgi,4026,KA
Sindhnur,4026,KA
Sira,4026,KA
Sirsi,4026,KA
Siruguppa,4026,KA
Someshwar,4026,KA
Somvarpet,4026,KA
Sorab,4026,KA
Sravana Belgola,4026,KA
Sringeri,4026,KA
Srinivaspur,4026,KA
Sulya,4026,KA
Suntikoppa,4026,KA
Talikota,4026,KA
Tarikere,4026,KA
Tekkalakote,4026,KA
Terdal,4026,KA
Tiptur,4026,KA
Tirthahalli,4026,KA
Tirumakudal Narsipur,4026,KA
Tumakuru,4026,KA
Turuvekere,4026,KA
Udupi,4026,KA
Ullal,4026,KA
Uttar Kannada,4026,KA
Vadigenhalli,4026,KA
Vijayapura,4026,KA
Virarajendrapet,4026,KA
Wadi,4026,KA
Yadgir,4026,KA
Yelahanka,4026,KA
Yelandur,4026,KA
Yelbarga,4026,KA
Yellapur,4026,KA
Adoor,4028,KL
Alappuzha,4028,KL
Aluva,4028,KL
Alwaye,4028,KL
Angamali,4028,KL
Aroor,4028,KL
Arukutti,4028,KL
Attingal,4028,KL
Avanoor,4028,KL
Azhikkal,4028,KL
Beypore,4028,KL
Changanacheri,4028,KL
Chelakara,4028,KL
Chengannur,4028,KL
Cherpulassery,4028,KL
Cherthala,4028,KL
Chetwayi,4028,KL
Chittur,4028,KL
Cochin,4028,KL
Dharmadom,4028,KL
Edakkulam,4028,KL
Elur,4028,KL
Erattupetta,4028,KL
Ernakulam,4028,KL
Ferokh,4028,KL
Guruvayur,4028,KL
Idukki,4028,KL
Iringal,4028,KL
Irinjalakuda,4028,KL
Kadakkavoor,4028,KL
Kalamassery,4028,KL
Kalavoor,4028,KL
Kalpetta,4028,KL
Kanhangad,4028,KL
Kannavam,4028,KL
Kannur,4028,KL
Kasaragod,4028,KL
Kattanam,4028,KL
Kayankulam,4028,KL
Kizhake Chalakudi,4028,KL
Kodungallur,4028,KL
Kollam,4028,KL
Kotamangalam,4028,KL
Kottayam,4028,KL
Kovalam,4028,KL
Kozhikode,4028,KL
Kumbalam,4028,KL
Kunnamangalam,4028,KL
Kunnamkulam,4028,KL
Kunnumma,4028,KL
Kutiatodu,4028,KL
Kuttampuzha,4028,KL
Lalam,4028,KL
Mahe,4028,KL
Malappuram,4028,KL
Manjeri,4028,KL
Manjeshwaram,4028,KL
Mannarakkat,4028,KL
Marayur,4028,KL
Mattanur,4028,KL
Mavelikara,4028,KL
Mavoor,4028,KL
Muluppilagadu,4028,KL
Munnar,4028,KL
Muvattupula,4028,KL
Muvattupuzha,4028,KL
Nadapuram,4028,KL
Naduvannur,4028,KL
Nedumangad,4028,KL
Neyyattinkara,4028,KL
Nileshwar,4028,KL
Ottappalam,4028,KL
Palackattumala,4028,KL
Palakkad district,4028,KL
Palghat,4028,KL
Panamaram,4028,KL
Pappinissheri,4028,KL
Paravur Tekkumbhagam,4028,KL
Pariyapuram,4028,KL
Pathanamthitta,4028,KL
Pattanamtitta,4028,KL
Payyanur,4028,KL
Perinthalmanna,4028,KL
Perumbavoor,4028,KL
Perumpavur,4028,KL
Perya,4028,KL
Piravam,4028,KL
Ponmana,4028,KL
Ponnani,4028,KL
Punalur,4028,KL
Ramamangalam,4028,KL
Shertallai,4028,KL
Shoranur,4028,KL
Taliparamba,4028,KL
Thalassery,4028,KL
Thanniyam,4028,KL
Thiruvananthapuram,4028,KL
Thrissur,4028,KL
Tirur,4028,KL
Tiruvalla,4028,KL
Vaikam,4028,KL
Varkala,4028,KL
Vatakara,4028,KL
Vayalar,4028,KL
Vettur,4028,KL
Wayanad,4028,KL
Kargil,4852,LA
Leh,4852,LA
Kavaratti,4019,LD
Lakshadweep,4019,LD
Agar,4039,MP
Ajaigarh,4039,MP
Akodia,4039,MP
Alampur,4039,MP
Alirajpur,4039,MP
Alot,4039,MP
Amanganj,4039,MP
Amarkantak,4039,MP
Amarpatan,4039,MP
Amarwara,4039,MP
Ambah,4039,MP
Amla,4039,MP
Anjad,4039,MP
Antri,4039,MP
Anuppur,4039,MP
Aron,4039,MP
Ashoknagar,4039,MP
Ashta,4039,MP
Babai,4039,MP
Badarwas,4039,MP
Badnawar,4039,MP
Bagh,4039,MP
Bagli,4039,MP
Baihar,4039,MP
Baikunthpur,4039,MP
Bakshwaha,4039,MP
Balaghat,4039,MP
Baldeogarh,4039,MP
Bamna,4039,MP
Bamor Kalan,4039,MP
Bamora,4039,MP
Banda,4039,MP
Barela,4039,MP
Barghat,4039,MP
Bargi,4039,MP
Barhi,4039,MP
Barwani,4039,MP
Basoda,4039,MP
Begamganj,4039,MP
Beohari,4039,MP
Berasia,4039,MP
Betma,4039,MP
Betul,4039,MP
Betul Bazar,4039,MP
Bhabhra,4039,MP
Bhainsdehi,4039,MP
Bhander,4039,MP
Bhanpura,4039,MP
Bhawaniganj,4039,MP
Bhikangaon,4039,MP
Bhind,4039,MP
Bhitarwar,4039,MP
Bhopal,4039,MP
Biaora,4039,MP
Bijawar,4039,MP
Bijrauni,4039,MP
Bodri,4039,MP
Burhanpur,4039,MP
Burhar,4039,MP
Chanderi,4039,MP
Chandia,4039,MP
Chandla,4039,MP
Chhatarpur,4039,MP
Chhindwara,4039,MP
Chichli,4039,MP
Chorhat,4039,MP
Daboh,4039,MP
Dabra,4039,MP
Damoh,4039,MP
Datia,4039,MP
Deori Khas,4039,MP
Depalpur,4039,MP
Dewas,4039,MP
Dhamnod,4039,MP
Dhana,4039,MP
Dhar,4039,MP
Dharampuri,4039,MP
Dindori,4039,MP
Etawa,4039,MP
Gadarwara,4039,MP
Garha Brahman,4039,MP
Garhakota,4039,MP
Gautampura,4039,MP
Ghansor,4039,MP
Gogapur,4039,MP
Gohadi,4039,MP
Govindgarh,4039,MP
Guna,4039,MP
Gurh,4039,MP
Gwalior,4039,MP
Harda,4039,MP
Harda Khas,4039,MP
Harpalpur,4039,MP
Harrai,4039,MP
Harsud,4039,MP
Hatod,4039,MP
Hatta,4039,MP
Hindoria,4039,MP
Hoshangabad,4039,MP
Iawar,4039,MP
Ichhawar,4039,MP
Iklehra,4039,MP
Indore,4039,MP
Isagarh,4039,MP
Itarsi,4039,MP
Jabalpur,4039,MP
Jaisinghnagar,4039,MP
Jaithari,4039,MP
Jamai,4039,MP
Jaora,4039,MP
Jatara,4039,MP
Jawad,4039,MP
Jhabua,4039,MP
Jiran,4039,MP
Jobat,4039,MP
Kailaras,4039,MP
Kaimori,4039,MP
Kannod,4039,MP
Kareli,4039,MP
Karera,4039,MP
Karrapur,4039,MP
Kasrawad,4039,MP
Katangi,4039,MP
Katni,4039,MP
Khachrod,4039,MP
Khailar,4039,MP
Khajuraho Group of Monuments,4039,MP
Khamaria,4039,MP
Khandwa,4039,MP
Khargapur,4039,MP
Khargone,4039,MP
Khategaon,4039,MP
Khilchipur,4039,MP
Khirkiyan,4039,MP
Khujner,4039,MP
Khurai,4039,MP
Kolaras,4039,MP
Korwai,4039,MP
Kotar,4039,MP
Kothi,4039,MP
Kotma,4039,MP
Kotwa,4039,MP
Kukshi,4039,MP
Kumbhraj,4039,MP
Lahar,4039,MP
Lakhnadon,4039,MP
Leteri,4039,MP
Lodhikheda,4039,MP
Machalpur,4039,MP
Madhogarh,4039,MP
Maheshwar,4039,MP
Mahgawan,4039,MP
Maihar,4039,MP
Majholi,4039,MP
Maksi,4039,MP
Malhargarh,4039,MP
Manasa,4039,MP
Manawar,4039,MP
Mandideep,4039,MP
Mandla,4039,MP
Mandleshwar,4039,MP
Mandsaur,4039,MP
Mangawan,4039,MP
Manpur,4039,MP
Mau,4039,MP
Mauganj,4039,MP
Mihona,4039,MP
Mohgaon,4039,MP
Morar,4039,MP
Morena,4039,MP
Multai,4039,MP
Mundi,4039,MP
Mungaoli,4039,MP
Murwara,4039,MP
Nagda,4039,MP
Nagod,4039,MP
Naigarhi,4039,MP
Nainpur,4039,MP
Namli,4039,MP
Naraini,4039,MP
Narayangarh,4039,MP
Narsimhapur,4039,MP
Narsinghgarh,4039,MP
Narwar,4039,MP
Nasrullahganj,4039,MP
Neemuch,4039,MP
Nepanagar,4039,MP
Orchha,4039,MP
Pachmarhi,4039,MP
Palera,4039,MP
Pali,4039,MP
Panagar,4039,MP
Panara,4039,MP
Pandhana,4039,MP
Pandhurna,4039,MP
Panna,4039,MP
Pansemal,4039,MP
Parasia,4039,MP
Patan,4039,MP
Patharia,4039,MP
Pawai,4039,MP
Petlawad,4039,MP
Piploda,4039,MP
Pithampur,4039,MP
Porsa,4039,MP
Punasa,4039,MP
Raghogarh,4039,MP
Rahatgarh,4039,MP
Raisen,4039,MP
Rajgarh,4039,MP
Rajnagar,4039,MP
Rajpur,4039,MP
Rampura,4039,MP
Ranapur,4039,MP
Ratangarh,4039,MP
Ratlam,4039,MP
Rehli,4039,MP
Rehti,4039,MP
Rewa,4039,MP
Sabalgarh,4039,MP
Sagar,4039,MP
Sailana,4039,MP
Sanawad,4039,MP
Sanchi,4039,MP
Sanwer,4039,MP
Sarangpur,4039,MP
Satna,4039,MP
Satwas,4039,MP
Saugor,4039,MP
Sausar,4039,MP
Sehore,4039,MP
Sendhwa,4039,MP
Seondha,4039,MP
Seoni,4039,MP
Seoni Malwa,4039,MP
Shahdol,4039,MP
Shahgarh,4039,MP
Shahpur,4039,MP
Shahpura,4039,MP
Shajapur,4039,MP
Shamgarh,4039,MP
Sheopur,4039,MP
Shivpuri,4039,MP
Shujalpur,4039,MP
Sidhi,4039,MP
Sihora,4039,MP
Simaria,4039,MP
Singoli,4039,MP
Singrauli,4039,MP
Sirmaur,4039,MP
Sironj,4039,MP
Sitamau,4039,MP
Sohagi,4039,MP
Sohagpur,4039,MP
Sultanpur,4039,MP
Susner,4039,MP
Tal,4039,MP
Talen,4039,MP
Tarana,4039,MP
Tekanpur,4039,MP
Tendukheda,4039,MP
Teonthar,4039,MP
Thandla,4039,MP
Tikamgarh,4039,MP
Tirodi,4039,MP
Udaipura,4039,MP
Ujjain,4039,MP
Ukwa,4039,MP
Umaria,4039,MP
Umri,4039,MP
Unhel,4039,MP
Vidisha,4039,MP
Waraseoni,4039,MP
Achalpur,4008,MH
Adawad,4008,MH
Agar Panchaitan,4008,MH
Aheri,4008,MH
Ahmadpur,4008,MH
Ahmednagar,4008,MH
Airoli,4008,MH
Ajara,4008,MH
Akalkot,4008,MH
Akluj,4008,MH
Akola,4008,MH
Akolner,4008,MH
Akot,4008,MH
Akrani,4008,MH
Alandi,4008,MH
Ale,4008,MH
Alibag,4008,MH
Alkuti,4008,MH
Allapalli,4008,MH
Amalner,4008,MH
Amarnath,4008,MH
Ambad,4008,MH
Ambajogai,4008,MH
Ambegaon,4008,MH
Ambernath,4008,MH
Amgaon,4008,MH
Amravati,4008,MH
Andheri,4008,MH
Andura,4008,MH
Anjangaon,4008,MH
Anjarle,4008,MH
Anshing,4008,MH
Arag,4008,MH
Arangaon,4008,MH
Ardhapur,4008,MH
Argaon,4008,MH
Artist Village,4008,MH
Arvi,4008,MH
Ashta,4008,MH
Ashti,4008,MH
Asoda,4008,MH
Assaye,4008,MH
Astagaon,4008,MH
Aundh Satara,4008,MH
Aurangabad,4008,MH
Ausa,4008,MH
Badlapur,4008,MH
Badnapur,4008,MH
Badnera,4008,MH
Bagewadi,4008,MH
Balapur,4008,MH
Balapur Akola district,4008,MH
Ballalpur,4008,MH
Ballard Estate,4008,MH
Ballarpur,4008,MH
Banda Maharashtra,4008,MH
Bandra,4008,MH
Baner,4008,MH
Bankot,4008,MH
Baramati,4008,MH
Barsi,4008,MH
Basmat,4008,MH
Bavdhan,4008,MH
Bawanbir,4008,MH
Beed,4008,MH
Bhadgaon Maharashtra,4008,MH
Bhandara,4008,MH
Bhandardara,4008,MH
Bhandup,4008,MH
Bhayandar,4008,MH
Bhigvan,4008,MH
Bhiwandi,4008,MH
Bhiwapur,4008,MH
Bhokar,4008,MH
Bhokardan,4008,MH
Bhoom,4008,MH
Bhor,4008,MH
Bhudgaon,4008,MH
Bhugaon,4008,MH
Bhusaval,4008,MH
Bijur,4008,MH
Bilashi,4008,MH
Biloli,4008,MH
Boisar,4008,MH
Borgaon Manju,4008,MH
Borivali,4008,MH
Brahmapuri,4008,MH
Breach Candy,4008,MH
Buldana,4008,MH
Byculla,4008,MH
Chakan,4008,MH
Chakur,4008,MH
Chalisgaon,4008,MH
Chanda,4008,MH
Chandgad,4008,MH
Chandor,4008,MH
Chandrapur,4008,MH
Chandur,4008,MH
Chandur Bazar,4008,MH
Chausala,4008,MH
Chembur,4008,MH
Chicholi,4008,MH
Chichondi Patil,4008,MH
Chikhli (Buldhana),4008,MH
Chikhli (Jalna),4008,MH
Chimur,4008,MH
Chinchani,4008,MH
Chinchpokli,4008,MH
Chiplun,4008,MH
Chopda,4008,MH
Colaba,4008,MH
Dabhol,4008,MH
Daddi,4008,MH
Dahanu,4008,MH
Dahivel,4008,MH
Dapoli,4008,MH
Darwha,4008,MH
Daryapur,4008,MH
Dattapur,4008,MH
Daulatabad,4008,MH
Daund,4008,MH
Deccan Gymkhana,4008,MH
Deglur,4008,MH
Dehu,4008,MH
Deolali,4008,MH
Deolapar,4008,MH
Deoli,4008,MH
Deoni,4008,MH
Deulgaon Raja,4008,MH
Devrukh,4008,MH
Dharangaon,4008,MH
Dharavi,4008,MH
Dharmabad,4008,MH
Dharur,4008,MH
Dhawalpuri,4008,MH
Dhule,4008,MH
Dhulia,4008,MH
Dighori,4008,MH
Diglur,4008,MH
Digras,4008,MH
Dindori Maharashtra,4008,MH
Diveagar,4008,MH
Dombivli,4008,MH
Dondaicha,4008,MH
Dongri,4008,MH
Dudhani,4008,MH
Durgapur,4008,MH
Durgapur Chandrapur,4008,MH
Erandol,4008,MH
Faizpur,4008,MH
Fort,4008,MH
Gadchiroli,4008,MH
Gadhinglaj,4008,MH
Gangakher,4008,MH
Gangapur,4008,MH
Ganpatipule,4008,MH
Gevrai,4008,MH
Ghargaon,4008,MH
Ghatanji,4008,MH
Ghatkopar,4008,MH
Ghoti Budrukh,4008,MH
Ghugus,4008,MH
Girgaon,4008,MH
Gondia,4008,MH
Gorai,4008,MH
Goregaon,4008,MH
Guhagar,4008,MH
Hadapsar Pune,4008,MH
Hadgaon,4008,MH
Halkarni,4008,MH
Harangul,4008,MH
Harnai,4008,MH
Helwak,4008,MH
Hinganghat,4008,MH
Hingoli,4008,MH
Hirapur,4008,MH
Hirapur Hamesha,4008,MH
Hotgi,4008,MH
Ichalkaranji,4008,MH
Igatpuri,4008,MH
Indapur,4008,MH
Jaisingpur,4008,MH
Jaitapur,4008,MH
Jakhangaon,4008,MH
Jalgaon,4008,MH
Jalgaon Jamod,4008,MH
Jalkot,4008,MH
Jalna,4008,MH
Jamkhed,4008,MH
Jamod,4008,MH
Janephal,4008,MH
Jaoli,4008,MH
Jat Sangli,4008,MH
Jategaon,4008,MH
Jawhar,4008,MH
Jaysingpur,4008,MH
Jejuri,4008,MH
Jintur,4008,MH
Jogeshwari,4008,MH
Juhu,4008,MH
Junnar,4008,MH
Kachurwahi,4008,MH
Kadegaon,4008,MH
Kadus,4008,MH
Kagal,4008,MH
Kaij,4008,MH
Kalamb,4008,MH
Kalamb Osmanabad,4008,MH
Kalamboli,4008,MH
Kalamnuri,4008,MH
Kalas,4008,MH
Kali(DK),4008,MH
Kalmeshwar,4008,MH
Kalundri,4008,MH
Kalyan,4008,MH
Kalyani Nagar,4008,MH
Kamargaon,4008,MH
Kamatgi,4008,MH
Kamptee,4008,MH
Kandri,4008,MH
Kankauli,4008,MH
Kankavli,4008,MH
Kannad,4008,MH
Karad,4008,MH
Karajagi,4008,MH
Karanja,4008,MH
Karanja Lad,4008,MH
Karjat,4008,MH
Karkamb,4008,MH
Karmala,4008,MH
Kasara,4008,MH
Kasoda,4008,MH
Kati,4008,MH
Katol,4008,MH
Katral,4008,MH
Khadki,4008,MH
Khalapur,4008,MH
Khallar,4008,MH
Khamgaon,4008,MH
Khanapur,4008,MH
Khandala,4008,MH
Khangaon,4008,MH
Khapa,4008,MH
Kharakvasla,4008,MH
Kharda,4008,MH
Kharghar,4008,MH
Kharsundi,4008,MH
Khed,4008,MH
Khetia,4008,MH
Khoni,4008,MH
Khopoli,4008,MH
Khuldabad,4008,MH
Kinwat,4008,MH
Kodoli,4008,MH
Kolhapur,4008,MH
Kondalwadi,4008,MH
Kondhali,4008,MH
Kopar Khairane,4008,MH
Kopargaon,4008,MH
Kopela,4008,MH
Koradi,4008,MH
Koregaon,4008,MH
Koynanagar,4008,MH
Kudal,4008,MH
Kuhi,4008,MH
Kurandvad,4008,MH
Kurankhed,4008,MH
Kurduvadi,4008,MH
Kusumba,4008,MH
Lakhandur,4008,MH
Lanja,4008,MH
Lasalgaon,4008,MH
Latur,4008,MH
Lavasa,4008,MH
Lohogaon,4008,MH
Lonar,4008,MH
Lonavla,4008,MH
Mahabaleshwar,4008,MH
Mahad,4008,MH
Mahape,4008,MH
Mahim,4008,MH
Maindargi,4008,MH
Majalgaon,4008,MH
Makhjan,4008,MH
Malabar Hill,4008,MH
Malad,4008,MH
Malegaon,4008,MH
Malkapur,4008,MH
Malvan,4008,MH
Manchar,4008,MH
Mandangad,4008,MH
Mandhal,4008,MH
Mandwa,4008,MH
Mangaon,4008,MH
Mangrul Pir,4008,MH
Manjlegaon,4008,MH
Mankeshwar,4008,MH
Mankhurd,4008,MH
Manmad,4008,MH
Manor,4008,MH
Mansar,4008,MH
Manwat,4008,MH
Maregaon,4008,MH
Mastiholi,4008,MH
Masur India,4008,MH
Matheran,4008,MH
Matunga,4008,MH
Mazagaon,4008,MH
Mehekar,4008,MH
Mehergaon,4008,MH
Mehkar,4008,MH
Mhasla,4008,MH
Mhasvad,4008,MH
Miraj,4008,MH
Mohadi,4008,MH
Mohol,4008,MH
Mohpa,4008,MH
Mokhada taluka,4008,MH
Mora Maharashtra,4008,MH
Moram,4008,MH
Morsi,4008,MH
Mowad,4008,MH
Mudkhed,4008,MH
Mukher,4008,MH
Mul,4008,MH
Mulher,4008,MH
Mulund,4008,MH
Mumbai,4008,MH
Mumbai Suburban,4008,MH
Murbad,4008,MH
Murgud,4008,MH
Murtajapur,4008,MH
Murud (Raigad),4008,MH
Murud (Ratnagiri),4008,MH
Murum,4008,MH
Nadgaon,4008,MH
Nagapur,4008,MH
Nagothana,4008,MH
Nagpur,4008,MH
Nagpur Division,4008,MH
Nala Sopara,4008,MH
Naldurg,4008,MH
Nalegaon,4008,MH
Nampur,4008,MH
Nanded,4008,MH
Nandgaon,4008,MH
Nandnee,4008,MH
Nandura,4008,MH
Nandura Buzurg,4008,MH
Nandurbar,4008,MH
Narayangaon,4008,MH
Nardana,4008,MH
Nariman Point,4008,MH
Narkhed,4008,MH
Nashik,4008,MH
Nashik Division,4008,MH
Navapur,4008,MH
Navi Mumbai,4008,MH
Neral,4008,MH
Nerur,4008,MH
Nevasa,4008,MH
Nighoj,4008,MH
Nilanga,4008,MH
Nipani,4008,MH
Niphad,4008,MH
Nira Narsingpur,4008,MH
Osmanabad,4008,MH
Ozar,4008,MH
Pabal,4008,MH
Pachora,4008,MH
Pahur Maharashtra,4008,MH
Paithan,4008,MH
Palghar,4008,MH
Pali Raigad,4008,MH
Palso,4008,MH
Panchgani,4008,MH
Pandharpur,4008,MH
Pandhurli,4008,MH
Panhala,4008,MH
Panvel,4008,MH
Parbhani,4008,MH
Parel,4008,MH
Parli Vaijnath,4008,MH
Parner,4008,MH
Parola,4008,MH
Parseoni,4008,MH
Partur,4008,MH
Patan,4008,MH
Pathardi,4008,MH
Pathri,4008,MH
Patur,4008,MH
Paturda,4008,MH
Paud,4008,MH
Pauni,4008,MH
Pawni,4008,MH
Pedgaon,4008,MH
Peint,4008,MH
Pen,4008,MH
Phaltan,4008,MH
Phulambri,4008,MH
Piliv,4008,MH
Pimpalgaon Baswant,4008,MH
Pimpalgaon Raja,4008,MH
Pimpri,4008,MH
Pimpri-Chinchwad,4008,MH
Pipri,4008,MH
Powai,4008,MH
Prabhadevi,4008,MH
Prakasha,4008,MH
Pulgaon,4008,MH
Pune,4008,MH
Pune Division,4008,MH
Puntamba,4008,MH
Pural,4008,MH
Purna,4008,MH
Pusad,4008,MH
Radhanagari,4008,MH
Rahata,4008,MH
Rahimatpur,4008,MH
Rahuri,4008,MH
Raigarh,4008,MH
Raireshwar,4008,MH
Rajapur,4008,MH
Rajgurunagar,4008,MH
Rajur,4008,MH
Rajura,4008,MH
Ralegaon,4008,MH
Ramewadi,4008,MH
Ramtek,4008,MH
Ratnagiri,4008,MH
Raver,4008,MH
Renapur,4008,MH
Renavi,4008,MH
Revadanda,4008,MH
Revdanda,4008,MH
Risod,4008,MH
Roha,4008,MH
Sailu,4008,MH
Sakol,4008,MH
Sakoli,4008,MH
Sakri,4008,MH
Samudrapur,4008,MH
Sangameshwar,4008,MH
Sangamner,4008,MH
Sangli,4008,MH
Sangola,4008,MH
Sangrampur Maharashtra,4008,MH
Saoli,4008,MH
Saoner,4008,MH
Sarangkheda,4008,MH
Saswad,4008,MH
Satana,4008,MH
Satara,4008,MH
Satara Division,4008,MH
Satpati,4008,MH
Savantvadi,4008,MH
Savda,4008,MH
Savlaj,4008,MH
Sawantvadi,4008,MH
Selu,4008,MH
Sevagram,4008,MH
Sewri,4008,MH
Shahada,4008,MH
Shahapur,4008,MH
Shedbal,4008,MH
Shegaon,4008,MH
Shevgaon,4008,MH
Shikrapur,4008,MH
Shiraguppi,4008,MH
Shirala,4008,MH
Shirdi,4008,MH
Shirgaon,4008,MH
Shirol,4008,MH
Shirpur,4008,MH
Shirud,4008,MH
Shirwal,4008,MH
Shivaji Nagar,4008,MH
Shrigonda,4008,MH
Sillod,4008,MH
Sindewahi,4008,MH
Sindhudurg,4008,MH
Sindi,4008,MH
Sindkheda,4008,MH
Sinnar,4008,MH
Sion Mumbai,4008,MH
Sironcha,4008,MH
Sirur,4008,MH
Sivala East Godavari district,4008,MH
Solapur,4008,MH
Sonala,4008,MH
Sonegaon,4008,MH
Songir,4008,MH
Sonvad,4008,MH
Soygaon,4008,MH
Srivardhan,4008,MH
Surgana,4008,MH
Taklibhan,4008,MH
Talbid,4008,MH
Talegaon Dabhade,4008,MH
Talegaon Dhamdhere,4008,MH
Taloda,4008,MH
Talode,4008,MH
Tarapur,4008,MH
Tardeo,4008,MH
Tasgaon,4008,MH
Telhara,4008,MH
Thalner,4008,MH
Thane,4008,MH
Trimbak,4008,MH
Trombay,4008,MH
Tuljapur,4008,MH
Tumsar,4008,MH
Udgir,4008,MH
Ulhasnagar,4008,MH
Umarga,4008,MH
Umarkhed,4008,MH
Umred,4008,MH
Uran,4008,MH
Uruli Kanchan,4008,MH
Vada,4008,MH
Vadgaon,4008,MH
Vadner,4008,MH
Vaijapur,4008,MH
Vairag,4008,MH
Valsang,4008,MH
Vangaon,4008,MH
Varangaon,4008,MH
Vashi,4008,MH
Vasind,4008,MH
Vatul,4008,MH
Velas Maharashtra,4008,MH
Velneshwar,4008,MH
Vengurla,4008,MH
Vijaydurg,4008,MH
Vikhroli,4008,MH
Vile Parle,4008,MH
Vinchur,4008,MH
Virar,4008,MH
Vita Maharashtra,4008,MH
Vite,4008,MH
Wadala,4008,MH
Wadgaon,4008,MH
Wadner,4008,MH
Wadwani,4008,MH
Wagholi,4008,MH
Wai,4008,MH
Wakad,4008,MH
Walgaon,4008,MH
Walki,4008,MH
Wani,4008,MH
Wardha,4008,MH
Warora,4008,MH
Warud,4008,MH
Washim,4008,MH
Worli,4008,MH
Yaval,4008,MH
Yavatmal,4008,MH
Yeola,4008,MH
Bishnupur,4010,MN
Chandel,4010,MN
Churachandpur,4010,MN
Imphal East,4010,MN
Imphal West,4010,MN
Jiribam,4010,MN
Kakching,4010,MN
Kamjong,4010,MN
Kangpokpi,4010,MN
Noney,4010,MN
Pherzawl,4010,MN
Senapati,4010,MN
Tamenglong,4010,MN
Tengnoupal,4010,MN
Thoubal,4010,MN
Ukhrul,4010,MN
Cherrapunji,4006,ML
East Garo Hills,4006,ML
East Jaintia Hills,4006,ML
East Khasi Hills,4006,ML
Mairang,4006,ML
Mankachar,4006,ML
Nongpoh,4006,ML
Nongstoin,4006,ML
North Garo Hills,4006,ML
Ri-Bhoi,4006,ML
Shillong,4006,ML
South Garo Hills,4006,ML
South West Garo Hills,4006,ML
South West Khasi Hills,4006,ML
Tura,4006,ML
West Garo Hills,4006,ML
West Jaintia Hills,4006,ML
West Khasi Hills,4006,ML
Aizawl,4036,MZ
Champhai,4036,MZ
Darlawn,4036,MZ
Khawhai,4036,MZ
Kolasib,4036,MZ
Lawngtlai,4036,MZ
Lunglei,4036,MZ
Mamit,4036,MZ
North Vanlaiphai,4036,MZ
Saiha,4036,MZ
Sairang,4036,MZ
Saitlaw,4036,MZ
Serchhip,4036,MZ
Thenzawl,4036,MZ
Dimapur,4018,NL
Kohima,4018,NL
Mokokchung,4018,NL
Mon,4018,NL
Peren,4018,NL
Phek,4018,NL
Tuensang,4018,NL
Tuensang District,4018,NL
Wokha,4018,NL
Zunheboto,4018,NL
Angul,4013,OR
Angul District,4013,OR
Asika,4013,OR
Athagarh,4013,OR
Bada Barabil,4013,OR
Balangir,4013,OR
Balasore,4013,OR
Baleshwar,4013,OR
Balimila,4013,OR
Balugaon,4013,OR
Banapur,4013,OR
Banki,4013,OR
Banposh,4013,OR
Baragarh,4013,OR
Barbil,4013,OR
Bargarh,4013,OR
Barpali,4013,OR
Basudebpur,4013,OR
Baud,4013,OR
Baudh,4013,OR
Belaguntha,4013,OR
Bhadrak,4013,OR
Bhadrakh,4013,OR
Bhanjanagar,4013,OR
Bhawanipatna,4013,OR
Bhuban,4013,OR
Bhubaneswar,4013,OR
Binka,4013,OR
Birmitrapur,4013,OR
Bolanikhodan,4013,OR
Brahmapur,4013,OR
Brajarajnagar,4013,OR
Buguda,4013,OR
Burla,4013,OR
Champua,4013,OR
Chandbali,4013,OR
Chatrapur,4013,OR
Chikitigarh,4013,OR
Chittarkonda,4013,OR
Cuttack,4013,OR
Daitari,4013,OR
Deogarh,4013,OR
Dhenkanal,4013,OR
Digapahandi,4013,OR
Gajapati,4013,OR
Ganjam,4013,OR
Gopalpur,4013,OR
Gudari,4013,OR
Gunupur,4013,OR
Hinjilikatu,4013,OR
Hirakud,4013,OR
Jagatsinghpur,4013,OR
Jajpur,4013,OR
Jaleshwar,4013,OR
Jatani,4013,OR
Jeypore,4013,OR
Jharsuguda,4013,OR
Jharsuguda District,4013,OR
Kaintragarh,4013,OR
Kalahandi,4013,OR
Kamakhyanagar,4013,OR
Kandhamal,4013,OR
Kantabanji,4013,OR
Kantilo,4013,OR
Kendrapara,4013,OR
Kendujhar,4013,OR
Kesinga,4013,OR
Khallikot,4013,OR
Kharhial,4013,OR
Khordha,4013,OR
Khurda,4013,OR
Kiri Buru,4013,OR
Kodala,4013,OR
Konarka,4013,OR
Koraput,4013,OR
Kuchaiburi,4013,OR
Kuchinda,4013,OR
Malkangiri,4013,OR
Mayurbhanj,4013,OR
Nabarangpur,4013,OR
Nayagarh,4013,OR
Nayagarh District,4013,OR
Nilgiri,4013,OR
Nimaparha,4013,OR
Nowrangapur,4013,OR
Nuapada,4013,OR
Padampur,4013,OR
Paradip Garh,4013,OR
Patamundai,4013,OR
Patnagarh,4013,OR
Phulbani,4013,OR
Pipili,4013,OR
Polasara,4013,OR
Puri,4013,OR
Purushottampur,4013,OR
Rambha,4013,OR
Raurkela,4013,OR
Rayagada,4013,OR
Remuna,4013,OR
Rengali,4013,OR
Sambalpur,4013,OR
Sonepur,4013,OR
Sorada,4013,OR
Soro,4013,OR
Subarnapur,4013,OR
Sundargarh,4013,OR
Talcher,4013,OR
Tarabha,4013,OR
Titlagarh,4013,OR
Udayagiri,4013,OR
Karaikal,4011,PY
Mahe,4011,PY
Puducherry,4011,PY
Yanam,4011,PY
Abohar,4015,PB
Adampur,4015,PB
Ajitgarh,4015,PB
Ajnala,4015,PB
Akalgarh,4015,PB
Alawalpur,4015,PB
Amloh,4015,PB
Amritsar,4015,PB
Anandpur Sahib,4015,PB
Badhni Kalan,4015,PB
Bagha Purana,4015,PB
Bakloh,4015,PB
Balachor,4015,PB
Banga,4015,PB
Banur,4015,PB
Barnala,4015,PB
Batala,4015,PB
Begowal,4015,PB
Bhadaur,4015,PB
Bhatinda,4015,PB
Bhawanigarh,4015,PB
Bhikhi,4015,PB
Bhogpur,4015,PB
Bholath,4015,PB
Budhlada,4015,PB
Chima,4015,PB
Dasuya,4015,PB
Dera Baba Nanak,4015,PB
Dera Bassi,4015,PB
Dhanaula,4015,PB
Dhariwal,4015,PB
Dhilwan,4015,PB
Dhudi,4015,PB
Dhuri,4015,PB
Dina Nagar,4015,PB
Dirba,4015,PB
Doraha,4015,PB
Faridkot,4015,PB
Fatehgarh Churian,4015,PB
Fatehgarh Sahib,4015,PB
Fazilka,4015,PB
Firozpur,4015,PB
Firozpur District,4015,PB
Gardhiwala,4015,PB
Garhshankar,4015,PB
Ghanaur,4015,PB
Giddarbaha,4015,PB
Gurdaspur,4015,PB
Guru Har Sahai,4015,PB
Hajipur,4015,PB
Hariana,4015,PB
Hoshiarpur,4015,PB
Ishanpur,4015,PB
Jagraon,4015,PB
Jaito,4015,PB
Jalalabad,4015,PB
Jalandhar,4015,PB
Jandiala,4015,PB
Jandiala Guru,4015,PB
Kalanaur,4015,PB
Kapurthala,4015,PB
Kartarpur,4015,PB
Khamanon,4015,PB
Khanna,4015,PB
Kharar,4015,PB
Khemkaran,4015,PB
Kot Isa Khan,4015,PB
Kotkapura,4015,PB
Laungowal,4015,PB
Ludhiana,4015,PB
Machhiwara,4015,PB
Majitha,4015,PB
Makhu,4015,PB
Malaut,4015,PB
Malerkotla,4015,PB
Mansa,4015,PB
Maur Mandi,4015,PB
Moga,4015,PB
Mohali,4015,PB
Morinda,4015,PB
Mukerian,4015,PB
Nabha,4015,PB
Nakodar,4015,PB
Nangal,4015,PB
Nawanshahr,4015,PB
Nurmahal,4015,PB
Nurpur Kalan,4015,PB
Pathankot,4015,PB
Patiala,4015,PB
Patti,4015,PB
Phagwara,4015,PB
Phillaur,4015,PB
Qadian,4015,PB
Rahon,4015,PB
Raikot,4015,PB
Rajasansi,4015,PB
Rajpura,4015,PB
Ram Das,4015,PB
Rampura,4015,PB
Rupnagar,4015,PB
Samrala,4015,PB
Sanaur,4015,PB
Sangrur,4015,PB
Sardulgarh,4015,PB
Shahid Bhagat Singh Nagar,4015,PB
Shahkot,4015,PB
Sham Churasi,4015,PB
Sirhind-Fategarh,4015,PB
Sri Muktsar Sahib,4015,PB
Sultanpur Lodhi,4015,PB
Sunam,4015,PB
Talwandi Bhai,4015,PB
Talwara,4015,PB
Tarn Taran Sahib,4015,PB
Zira,4015,PB
Abhaneri,4014,RJ
Abu,4014,RJ
Abu Road,4014,RJ
Ajmer,4014,RJ
Aklera,4014,RJ
Alwar,4014,RJ
Amet,4014,RJ
Anta,4014,RJ
Anupgarh,4014,RJ
Asind,4014,RJ
Bagar,4014,RJ
Bakani,4014,RJ
Bali,4014,RJ
Balotra,4014,RJ
Bandikui,4014,RJ
Banswara,4014,RJ
Baran,4014,RJ
Bari,4014,RJ
Bari Sadri,4014,RJ
Barmer,4014,RJ
Basi,4014,RJ
Basni,4014,RJ
Baswa,4014,RJ
Bayana,4014,RJ
Beawar,4014,RJ
Begun,4014,RJ
Behror,4014,RJ
Bhadasar,4014,RJ
Bhadra,4014,RJ
Bharatpur,4014,RJ
Bhasawar,4014,RJ
Bhilwara,4014,RJ
Bhindar,4014,RJ
Bhinmal,4014,RJ
Bhiwadi,4014,RJ
Bhuma,4014,RJ
Bikaner,4014,RJ
Bilara,4014,RJ
Bissau,4014,RJ
Borkhera,4014,RJ
Bundi,4014,RJ
Chaksu,4014,RJ
Chechat,4014,RJ
Chhabra,4014,RJ
Chhapar,4014,RJ
Chhoti Sadri,4014,RJ
Chidawa,4014,RJ
Chittaurgarh,4014,RJ
Churu,4014,RJ
Dariba,4014,RJ
Dausa,4014,RJ
Deoli,4014,RJ
Deshnoke,4014,RJ
Devgarh,4014,RJ
Dhaulpur,4014,RJ
Didwana,4014,RJ
Dig,4014,RJ
Dungarpur,4014,RJ
Fatehpur,4014,RJ
Galiakot,4014,RJ
Ganganagar,4014,RJ
Gangapur,4014,RJ
Govindgarh,4014,RJ
Gulabpura,4014,RJ
Hanumangarh,4014,RJ
Hindaun,4014,RJ
Jahazpur,4014,RJ
Jaipur,4014,RJ
Jaisalmer,4014,RJ
Jaitaran,4014,RJ
Jalor,4014,RJ
Jalore,4014,RJ
Jhalawar,4014,RJ
Jhalrapatan,4014,RJ
Jhunjhunun,4014,RJ
Jobner,4014,RJ
Jodhpur,4014,RJ
Kaman,4014,RJ
Kanor,4014,RJ
Kapren,4014,RJ
Karanpur,4014,RJ
Karauli,4014,RJ
Kekri,4014,RJ
Keshorai Patan,4014,RJ
Khandela,4014,RJ
Khanpur,4014,RJ
Khetri,4014,RJ
Kishangarh,4014,RJ
Kota,4014,RJ
Kotputli,4014,RJ
Kuchaman,4014,RJ
Kuchera,4014,RJ
Kumher,4014,RJ
Kushalgarh,4014,RJ
Lachhmangarh Sikar,4014,RJ
Ladnun,4014,RJ
Lakheri,4014,RJ
Lalsot,4014,RJ
Losal,4014,RJ
Mahwah,4014,RJ
Makrana,4014,RJ
Malpura,4014,RJ
Mandal,4014,RJ
Mandalgarh,4014,RJ
Mandawar,4014,RJ
Mangrol,4014,RJ
Manohar Thana,4014,RJ
Manoharpur,4014,RJ
Meethari Marwar,4014,RJ
Merta,4014,RJ
Mundwa,4014,RJ
Nadbai,4014,RJ
Nagar,4014,RJ
Nagaur,4014,RJ
Nainwa,4014,RJ
Napasar,4014,RJ
Naraina,4014,RJ
Nasirabad,4014,RJ
Nathdwara,4014,RJ
Nawa,4014,RJ
Nawalgarh,4014,RJ
Neem ka Thana,4014,RJ
Nimaj,4014,RJ
Nimbahera,4014,RJ
Niwai,4014,RJ
Nohar,4014,RJ
Nokha,4014,RJ
Padampur,4014,RJ
Pali,4014,RJ
Partapur,4014,RJ
Parvatsar,4014,RJ
Phalodi,4014,RJ
Phulera,4014,RJ
Pilani,4014,RJ
Pilibangan,4014,RJ
Pindwara,4014,RJ
Pipar,4014,RJ
Pirawa,4014,RJ
Pokaran,4014,RJ
Pratapgarh,4014,RJ
Pushkar,4014,RJ
Raipur,4014,RJ
Raisinghnagar,4014,RJ
Rajakhera,4014,RJ
Rajaldesar,4014,RJ
Rajgarh,4014,RJ
Rajsamand,4014,RJ
Ramganj Mandi,4014,RJ
Ramgarh,4014,RJ
Rani,4014,RJ
Ratangarh,4014,RJ
Rawatbhata,4014,RJ
Rawatsar,4014,RJ
Ringas,4014,RJ
Sadri,4014,RJ
Salumbar,4014,RJ
Sambhar,4014,RJ
Samdari,4014,RJ
Sanchor,4014,RJ
Sangaria,4014,RJ
Sangod,4014,RJ
Sardarshahr,4014,RJ
Sarwar,4014,RJ
Sawai Madhopur,4014,RJ
Shahpura,4014,RJ
Sheoganj,4014,RJ
Sikar,4014,RJ
Sirohi,4014,RJ
Siwana,4014,RJ
Sojat,4014,RJ
Sri Dungargarh,4014,RJ
Sri Madhopur,4014,RJ
Sujangarh,4014,RJ
Suket,4014,RJ
Sunel,4014,RJ
Surajgarh,4014,RJ
Suratgarh,4014,RJ
Takhatgarh,4014,RJ
Taranagar,4014,RJ
Tijara,4014,RJ
Todabhim,4014,RJ
Todaraisingh,4014,RJ
Tonk,4014,RJ
Udaipur,4014,RJ
Udpura,4014,RJ
Uniara,4014,RJ
Wer,4014,RJ
East District,4034,SK
Gangtok,4034,SK
Gyalshing,4034,SK
Jorethang,4034,SK
Mangan,4034,SK
Namchi,4034,SK
Naya Bazar,4034,SK
North District,4034,SK
Rangpo,4034,SK
Singtam,4034,SK
South District,4034,SK
West District,4034,SK
Abiramam,4035,TN
Adirampattinam,4035,TN
Aduthurai,4035,TN
Alagapuram,4035,TN
Alandur,4035,TN
Alanganallur,4035,TN
Alangayam,4035,TN
Alangudi,4035,TN
Alangulam,4035,TN
Alappakkam,4035,TN
Alwa Tirunagari,4035,TN
Ambasamudram,4035,TN
Ambattur,4035,TN
Ambur,4035,TN
Ammapettai,4035,TN
Anamalais,4035,TN
Andippatti,4035,TN
Annamalainagar,4035,TN
Annavasal,4035,TN
Annur,4035,TN
Anthiyur,4035,TN
Arakkonam,4035,TN
Arantangi,4035,TN
Arcot,4035,TN
Arimalam,4035,TN
Ariyalur,4035,TN
Arni,4035,TN
Arumbavur,4035,TN
Arumuganeri,4035,TN
Aruppukkottai,4035,TN
Aruvankad,4035,TN
Attayyampatti,4035,TN
Attur,4035,TN
Auroville,4035,TN
Avadi,4035,TN
Avinashi,4035,TN
Ayakudi,4035,TN
Ayyampettai,4035,TN
Belur,4035,TN
Bhavani,4035,TN
Bodinayakkanur,4035,TN
Chengam,4035,TN
Chennai,4035,TN
Chennimalai,4035,TN
Chetput,4035,TN
Chettipalaiyam,4035,TN
Cheyyar,4035,TN
Cheyyur,4035,TN
Chidambaram,4035,TN
Chingleput,4035,TN
Chinna Salem,4035,TN
Chinnamanur,4035,TN
Chinnasekkadu,4035,TN
Cholapuram,4035,TN
Coimbatore,4035,TN
Colachel,4035,TN
Cuddalore,4035,TN
Cumbum,4035,TN
Denkanikota,4035,TN
Desur,4035,TN
Devadanappatti,4035,TN
Devakottai,4035,TN
Dhali,4035,TN
Dharapuram,4035,TN
Dharmapuri,4035,TN
Dindigul,4035,TN
Dusi,4035,TN
Elayirampannai,4035,TN
Elumalai,4035,TN
Eral,4035,TN
Eraniel,4035,TN
Erode,4035,TN
Erumaippatti,4035,TN
Ettaiyapuram,4035,TN
Gandhi Nagar,4035,TN
Gangaikondan,4035,TN
Gangavalli,4035,TN
Gingee,4035,TN
Gobichettipalayam,4035,TN
Gudalur,4035,TN
Gudiyatham,4035,TN
Guduvancheri,4035,TN
Gummidipundi,4035,TN
Harur,4035,TN
Hosur,4035,TN
Idappadi,4035,TN
Ilampillai,4035,TN
Iluppur,4035,TN
Injambakkam,4035,TN
Irugur,4035,TN
Jalakandapuram,4035,TN
Jalarpet,4035,TN
Jayamkondacholapuram,4035,TN
Kadambur,4035,TN
Kadayanallur,4035,TN
Kalakkadu,4035,TN
Kalavai,4035,TN
Kallakkurichchi,4035,TN
Kallidaikurichi,4035,TN
Kallupatti,4035,TN
Kalugumalai,4035,TN
Kamuthi,4035,TN
Kanadukattan,4035,TN
Kancheepuram,4035,TN
Kanchipuram,4035,TN
Kangayam,4035,TN
Kanniyakumari,4035,TN
Karaikkudi,4035,TN
Karamadai,4035,TN
Karambakkudi,4035,TN
Kariapatti,4035,TN
Karumbakkam,4035,TN
Karur,4035,TN
Katpadi,4035,TN
Kattivakkam,4035,TN
Kattupputtur,4035,TN
Kaveripatnam,4035,TN
Kayalpattinam,4035,TN
Kayattar,4035,TN
Keelakarai,4035,TN
Kelamangalam,4035,TN
Kil Bhuvanagiri,4035,TN
Kilvelur,4035,TN
Kiranur,4035,TN
Kodaikanal,4035,TN
Kodumudi,4035,TN
Kombai,4035,TN
Konganapuram,4035,TN
Koothanallur,4035,TN
Koradachcheri,4035,TN
Korampallam,4035,TN
Kotagiri,4035,TN
Kottaiyur,4035,TN
Kovilpatti,4035,TN
Krishnagiri,4035,TN
Kulattur,4035,TN
Kulittalai,4035,TN
Kumaralingam,4035,TN
Kumbakonam,4035,TN
Kunnattur,4035,TN
Kurinjippadi,4035,TN
Kuttalam,4035,TN
Kuzhithurai,4035,TN
Lalgudi,4035,TN
Madambakkam,4035,TN
Madipakkam,4035,TN
Madukkarai,4035,TN
Madukkur,4035,TN
Madurai,4035,TN
Madurantakam,4035,TN
Mallapuram,4035,TN
Mallasamudram,4035,TN
Mallur,4035,TN
Manali,4035,TN
Manalurpettai,4035,TN
Manamadurai,4035,TN
Manappakkam,4035,TN
Manapparai,4035,TN
Manavalakurichi,4035,TN
Mandapam,4035,TN
Mangalam,4035,TN
Mannargudi,4035,TN
Marakkanam,4035,TN
Marandahalli,4035,TN
Masinigudi,4035,TN
Mattur,4035,TN
Mayiladuthurai,4035,TN
Melur,4035,TN
Mettuppalaiyam,4035,TN
Mettur,4035,TN
Minjur,4035,TN
Mohanur,4035,TN
Mudukulattur,4035,TN
Mulanur,4035,TN
Musiri,4035,TN
Muttupet,4035,TN
Naduvattam,4035,TN
Nagapattinam,4035,TN
Nagercoil,4035,TN
Namagiripettai,4035,TN
Namakkal,4035,TN
Nambiyur,4035,TN
Nambutalai,4035,TN
Nandambakkam,4035,TN
Nangavalli,4035,TN
Nangilickondan,4035,TN
Nanguneri,4035,TN
Nannilam,4035,TN
Naravarikuppam,4035,TN
Nattam,4035,TN
Nattarasankottai,4035,TN
Needamangalam,4035,TN
Neelankarai,4035,TN
Negapatam,4035,TN
Nellikkuppam,4035,TN
Nilakottai,4035,TN
Nilgiris,4035,TN
Odugattur,4035,TN
Omalur,4035,TN
Ooty,4035,TN
Padmanabhapuram,4035,TN
Palakkodu,4035,TN
Palamedu,4035,TN
Palani,4035,TN
Palavakkam,4035,TN
Palladam,4035,TN
Pallappatti,4035,TN
Pallattur,4035,TN
Pallavaram,4035,TN
Pallikondai,4035,TN
Pallipattu,4035,TN
Pallippatti,4035,TN
Panruti,4035,TN
Papanasam,4035,TN
Papireddippatti,4035,TN
Papparappatti,4035,TN
Paramagudi,4035,TN
Pattukkottai,4035,TN
Pennadam,4035,TN
Pennagaram,4035,TN
Pennathur,4035,TN
Peraiyur,4035,TN
Perambalur,4035,TN
Peranamallur,4035,TN
Peranampattu,4035,TN
Peravurani,4035,TN
Periyakulam,4035,TN
Periyanayakkanpalaiyam,4035,TN
Periyanegamam,4035,TN
Periyapatti,4035,TN
Periyapattinam,4035,TN
Perundurai,4035,TN
Perungudi,4035,TN
Perur,4035,TN
Pollachi,4035,TN
Polur,4035,TN
Ponnamaravati,4035,TN
Ponneri,4035,TN
Poonamalle,4035,TN
Porur,4035,TN
Pudukkottai,4035,TN
Puduppatti,4035,TN
Pudur,4035,TN
Puduvayal,4035,TN
Puliyangudi,4035,TN
Puliyur,4035,TN
Pullambadi,4035,TN
Punjai Puliyampatti,4035,TN
Rajapalaiyam,4035,TN
Ramanathapuram,4035,TN
Rameswaram,4035,TN
Ranipet,4035,TN
Rasipuram,4035,TN
Saint Thomas Mount,4035,TN
Salem,4035,TN
Sathankulam,4035,TN
Sathyamangalam,4035,TN
Sattur,4035,TN
Sayalkudi,4035,TN
Seven Pagodas,4035,TN
Sholinghur,4035,TN
Singanallur,4035,TN
Singapperumalkovil,4035,TN
Sirkazhi,4035,TN
Sirumugai,4035,TN
Sivaganga,4035,TN
Sivagiri,4035,TN
Sivakasi,4035,TN
Srimushnam,4035,TN
Sriperumbudur,4035,TN
Srivaikuntam,4035,TN
Srivilliputhur,4035,TN
Suchindram,4035,TN
Sulur,4035,TN
Surandai,4035,TN
Swamimalai,4035,TN
Tambaram,4035,TN
Tanjore,4035,TN
Taramangalam,4035,TN
Tattayyangarpettai,4035,TN
Thanjavur,4035,TN
Tharangambadi,4035,TN
Theni,4035,TN
Thenkasi,4035,TN
Thirukattupalli,4035,TN
Thiruthani,4035,TN
Thiruvaiyaru,4035,TN
Thiruvallur,4035,TN
Thiruvarur,4035,TN
Thiruvidaimaruthur,4035,TN
Thoothukudi,4035,TN
Tindivanam,4035,TN
Tinnanur,4035,TN
Tiruchchendur,4035,TN
Tiruchengode,4035,TN
Tiruchirappalli,4035,TN
Tirukkoyilur,4035,TN
Tirumullaivasal,4035,TN
Tirunelveli,4035,TN
Tirunelveli Kattabo,4035,TN
Tiruppalaikudi,4035,TN
Tirupparangunram,4035,TN
Tiruppur,4035,TN
Tiruppuvanam,4035,TN
Tiruttangal,4035,TN
Tiruvannamalai,4035,TN
Tiruvottiyur,4035,TN
Tisaiyanvilai,4035,TN
Tondi,4035,TN
Turaiyur,4035,TN
Udangudi,4035,TN
Udumalaippettai,4035,TN
Uppiliyapuram,4035,TN
Usilampatti,4035,TN
Uttamapalaiyam,4035,TN
Uttiramerur,4035,TN
Uttukkuli,4035,TN
V.S.K.Valasai (Dindigul-Dist.),4035,TN
Vadakku Valliyur,4035,TN
Vadakku Viravanallur,4035,TN
Vadamadurai,4035,TN
Vadippatti,4035,TN
Valangaiman,4035,TN
Valavanur,4035,TN
Vallam,4035,TN
Valparai,4035,TN
Vandalur,4035,TN
Vandavasi,4035,TN
Vaniyambadi,4035,TN
Vasudevanallur,4035,TN
Vattalkundu,4035,TN
Vedaraniyam,4035,TN
Vedasandur,4035,TN
Velankanni,4035,TN
Vellanur,4035,TN
Vellore,4035,TN
Velur,4035,TN
Vengavasal,4035,TN
Vettaikkaranpudur,4035,TN
Vettavalam,4035,TN
Vijayapuri,4035,TN
Vikravandi,4035,TN
Vilattikulam,4035,TN
Villupuram,4035,TN
Viraganur,4035,TN
Virudhunagar,4035,TN
Vriddhachalam,4035,TN
Walajapet,4035,TN
Wallajahbad,4035,TN
Wellington,4035,TN
Adilabad,4012,TG
Alampur,4012,TG
Andol,4012,TG
Asifabad,4012,TG
Balapur,4012,TG
Banswada,4012,TG
Bellampalli,4012,TG
Bhadrachalam,4012,TG
Bhadradri Kothagudem,4012,TG
Bhaisa,4012,TG
Bhongir,4012,TG
Bodhan,4012,TG
Chandur,4012,TG
Chatakonda,4012,TG
Dasnapur,4012,TG
Devarkonda,4012,TG
Dornakal,4012,TG
Farrukhnagar,4012,TG
Gaddi Annaram,4012,TG
Gadwal,4012,TG
Ghatkesar,4012,TG
Gopalur,4012,TG
Gudur,4012,TG
Hyderabad,4012,TG
Jagtial,4012,TG
Jangaon,4012,TG
Jayashankar Bhupalapally,4012,TG
Jogulamba Gadwal,4012,TG
Kagaznagar,4012,TG
Kamareddi,4012,TG
Kamareddy,4012,TG
Karimnagar,4012,TG
Khammam,4012,TG
Kodar,4012,TG
Koratla,4012,TG
Kothapet,4012,TG
Kottagudem,4012,TG
Kottapalli,4012,TG
Kukatpally,4012,TG
Kyathampalle,4012,TG
Lakshettipet,4012,TG
Lal Bahadur Nagar,4012,TG
Mahabubabad,4012,TG
Mahbubnagar,4012,TG
Malkajgiri,4012,TG
Mancheral,4012,TG
Mandamarri,4012,TG
Manthani,4012,TG
Manuguru,4012,TG
Medak,4012,TG
Medchal,4012,TG
Medchal Malkajgiri,4012,TG
Mirialguda,4012,TG
Nagar Karnul,4012,TG
Nalgonda,4012,TG
Narayanpet,4012,TG
Narsingi,4012,TG
Naspur,4012,TG
Nirmal,4012,TG
Nizamabad,4012,TG
Paloncha,4012,TG
Palwancha,4012,TG
Patancheru,4012,TG
Peddapalli,4012,TG
Quthbullapur,4012,TG
Rajanna Sircilla,4012,TG
Ramagundam,4012,TG
Ramgundam,4012,TG
Rangareddi,4012,TG
Sadaseopet,4012,TG
Sangareddi,4012,TG
Sathupalli,4012,TG
Secunderabad,4012,TG
Serilingampalle,4012,TG
Siddipet,4012,TG
Singapur,4012,TG
Sirpur,4012,TG
Sirsilla,4012,TG
Sriramnagar,4012,TG
Suriapet,4012,TG
Tandur,4012,TG
Uppal Kalan,4012,TG
Vemalwada,4012,TG
Vikarabad,4012,TG
Wanparti,4012,TG
Warangal,4012,TG
Yellandu,4012,TG
Zahirabad,4012,TG
Agartala,4038,TR
Amarpur,4038,TR
Ambasa,4038,TR
Barjala,4038,TR
Belonia,4038,TR
Dhalai,4038,TR
Dharmanagar,4038,TR
Gomati,4038,TR
Kailashahar,4038,TR
Kamalpur,4038,TR
Khowai,4038,TR
North Tripura,4038,TR
Ranir Bazar,4038,TR
Sabrum,4038,TR
Sonamura,4038,TR
South Tripura,4038,TR
Udaipur,4038,TR
Unakoti,4038,TR
West Tripura,4038,TR
Achhnera,4022,UP
Afzalgarh,4022,UP
Agra,4022,UP
Ahraura,4022,UP
Aidalpur,4022,UP
Airwa,4022,UP
Akbarpur,4022,UP
Akola,4022,UP
Aliganj,4022,UP
Aligarh,4022,UP
Allahabad,4022,UP
Allahganj,4022,UP
Amanpur,4022,UP
Amauli,4022,UP
Ambahta,4022,UP
Ambedkar Nagar,4022,UP
Amethi,4022,UP
Amroha,4022,UP
Anandnagar,4022,UP
Antu,4022,UP
Anupshahr,4022,UP
Aonla,4022,UP
Araul,4022,UP
Asalatganj,4022,UP
Atarra,4022,UP
Atrauli,4022,UP
Atraulia,4022,UP
Auraiya,4022,UP
Auras,4022,UP
Ayodhya,4022,UP
Azamgarh,4022,UP
Azizpur,4022,UP
Baberu,4022,UP
Babina,4022,UP
Babrala,4022,UP
Babugarh,4022,UP
Bachhraon,4022,UP
Bachhrawan,4022,UP
Baghpat,4022,UP
Baghra,4022,UP
Bah,4022,UP
Baheri,4022,UP
Bahjoi,4022,UP
Bahraich,4022,UP
Bahraigh,4022,UP
Bahsuma,4022,UP
Bahua,4022,UP
Bajna,4022,UP
Bakewar,4022,UP
Baksar,4022,UP
Balamau,4022,UP
Baldeo,4022,UP
Baldev,4022,UP
Ballia,4022,UP
Balrampur,4022,UP
Banat,4022,UP
Banbasa,4022,UP
Banda,4022,UP
Bangarmau,4022,UP
Bansdih,4022,UP
Bansgaon,4022,UP
Bansi,4022,UP
Banthra,4022,UP
Bara Banki,4022,UP
Baragaon,4022,UP
Baraut,4022,UP
Bareilly,4022,UP
Barhalganj,4022,UP
Barkhera,4022,UP
Barkhera Kalan,4022,UP
Barokhar,4022,UP
Barsana,4022,UP
Barwar (Lakhimpur Kheri),4022,UP
Basti,4022,UP
Behat,4022,UP
Bela,4022,UP
Belthara,4022,UP
Beniganj,4022,UP
Beswan,4022,UP
Bewar,4022,UP
Bhadarsa,4022,UP
Bhadohi,4022,UP
Bhagwantnagar,4022,UP
Bharatpura,4022,UP
Bhargain,4022,UP
Bharthana,4022,UP
Bharwari,4022,UP
Bhaupur,4022,UP
Bhimtal,4022,UP
Bhinga,4022,UP
Bhognipur,4022,UP
Bhongaon,4022,UP
Bidhnu,4022,UP
Bidhuna,4022,UP
Bighapur,4022,UP
Bighapur Khurd,4022,UP
Bijnor,4022,UP
Bikapur,4022,UP
Bilari,4022,UP
Bilariaganj,4022,UP
Bilaspur,4022,UP
Bilgram,4022,UP
Bilhaur,4022,UP
Bilsanda,4022,UP
Bilsi,4022,UP
Bilthra,4022,UP
Binauli,4022,UP
Binaur,4022,UP
Bindki,4022,UP
Birdpur,4022,UP
Birpur,4022,UP
Bisalpur,4022,UP
Bisanda Buzurg,4022,UP
Bisauli,4022,UP
Bisenda Buzurg,4022,UP
Bishunpur Urf Maharajganj,4022,UP
Biswan,4022,UP
Bithur,4022,UP
Budaun,4022,UP
Budhana,4022,UP
Bulandshahr,4022,UP
Captainganj,4022,UP
Chail,4022,UP
Chakia,4022,UP
Chandauli,4022,UP
Chandauli District,4022,UP
Chandausi,4022,UP
Chandpur,4022,UP
Chanduasi,4022,UP
Charkhari,4022,UP
Charthawal,4022,UP
Chhaprauli,4022,UP
Chharra,4022,UP
Chhata,4022,UP
Chhibramau,4022,UP
Chhitauni,4022,UP
Chhutmalpur,4022,UP
Chillupar,4022,UP
Chirgaon,4022,UP
Chitrakoot,4022,UP
Chitrakoot Dham,4022,UP
Chopan,4022,UP
Chunar,4022,UP
Churk,4022,UP
Colonelganj,4022,UP
Dadri,4022,UP
Dalmau,4022,UP
Dankaur,4022,UP
Daraganj,4022,UP
Daranagar,4022,UP
Dasna,4022,UP
Dataganj,4022,UP
Daurala,4022,UP
Dayal Bagh,4022,UP
Deoband,4022,UP
Deogarh,4022,UP
Deoranian,4022,UP
Deoria,4022,UP
Derapur,4022,UP
Dewa,4022,UP
Dhampur,4022,UP
Dhanaura,4022,UP
Dhanghata,4022,UP
Dharau,4022,UP
Dhaurahra,4022,UP
Dibai,4022,UP
Divrasai,4022,UP
Dohrighat,4022,UP
Domariaganj,4022,UP
Dostpur,4022,UP
Dudhi,4022,UP
Etah,4022,UP
Etawah,4022,UP
Etmadpur,4022,UP
Faizabad,4022,UP
Farah,4022,UP
Faridnagar,4022,UP
Faridpur,4022,UP
Farrukhabad,4022,UP
Fatehabad,4022,UP
Fatehganj West,4022,UP
Fatehgarh,4022,UP
Fatehpur,4022,UP
Fatehpur (Barabanki),4022,UP
Fatehpur Chaurasi,4022,UP
Fatehpur Sikri,4022,UP
Firozabad,4022,UP
Fyzabad,4022,UP
Gahlon,4022,UP
Gahmar,4022,UP
Gaini,4022,UP
Gajraula,4022,UP
Gangoh,4022,UP
Ganj Dundawara,4022,UP
Ganj Dundwara,4022,UP
Ganj Muradabad,4022,UP
Garautha,4022,UP
Garhi Pukhta,4022,UP
Garhmuktesar,4022,UP
Garhwa,4022,UP
Gauriganj,4022,UP
Gautam Buddha Nagar,4022,UP
Gawan,4022,UP
Ghatampur,4022,UP
Ghaziabad,4022,UP
Ghazipur,4022,UP
Ghiror,4022,UP
Ghorawal,4022,UP
Ghosi,4022,UP
Gohand,4022,UP
Gokul,4022,UP
Gola Bazar,4022,UP
Gola Gokarannath,4022,UP
Gonda,4022,UP
Gopamau,4022,UP
Gorakhpur,4022,UP
Gosainganj,4022,UP
Goshainganj,4022,UP
Govardhan,4022,UP
Greater Noida,4022,UP
Gulaothi,4022,UP
Gunnaur,4022,UP
Gursahaiganj,4022,UP
Gursarai,4022,UP
Gyanpur,4022,UP
Haldaur,4022,UP
Hamirpur,4022,UP
Handia,4022,UP
Hapur,4022,UP
Haraipur,4022,UP
Haraiya,4022,UP
Harchandpur,4022,UP
Hardoi,4022,UP
Harduaganj,4022,UP
Hasanpur,4022,UP
Hastinapur,4022,UP
Hata,4022,UP
Hata (India),4022,UP
Hathras,4022,UP
Hulas,4022,UP
Ibrahimpur,4022,UP
Iglas,4022,UP
Ikauna,4022,UP
Indergarh,4022,UP
Indragarh,4022,UP
Islamnagar,4022,UP
Islamnagar (Badaun),4022,UP
Itaunja,4022,UP
Itimadpur,4022,UP
Jagdishpur,4022,UP
Jagnair,4022,UP
Jahanabad,4022,UP
Jahanabad (Pilibhit),4022,UP
Jahangirabad,4022,UP
Jahangirpur,4022,UP
Jainpur,4022,UP
Jais,4022,UP
Jalalabad,4022,UP
Jalali,4022,UP
Jalalpur,4022,UP
Jalaun,4022,UP
Jalesar,4022,UP
Janghai,4022,UP
Jansath,4022,UP
Jarwa,4022,UP
Jarwal,4022,UP
Jasrana,4022,UP
Jaswantnagar,4022,UP
Jaunpur,4022,UP
Jewar,4022,UP
Jhajhar,4022,UP
Jhalu,4022,UP
Jhansi,4022,UP
Jhinjhak,4022,UP
Jhinjhana,4022,UP
Jhusi,4022,UP
Jiyanpur,4022,UP
Jyotiba Phule Nagar,4022,UP
Kabrai,4022,UP
Kachhwa,4022,UP
Kadaura,4022,UP
Kadipur,4022,UP
Kagarol,4022,UP
Kaimganj,4022,UP
Kairana,4022,UP
Kakori,4022,UP
Kakrala,4022,UP
Kalinagar,4022,UP
Kalpi,4022,UP
Kalyanpur,4022,UP
Kamalganj,4022,UP
Kampil,4022,UP
Kandhla,4022,UP
Kannauj,4022,UP
Kanpur,4022,UP
Kanpur Dehat,4022,UP
Kant,4022,UP
Kanth,4022,UP
Kaptanganj,4022,UP
Kara,4022,UP
Karari,4022,UP
Karbigwan,4022,UP
Karchana,4022,UP
Karhal,4022,UP
Kasganj,4022,UP
Katra,4022,UP
Kausani,4022,UP
Kaushambi District,4022,UP
Kemri,4022,UP
Khada,4022,UP
Khaga,4022,UP
Khailar,4022,UP
Khair,4022,UP
Khairabad,4022,UP
Khalilabad,4022,UP
Khanpur,4022,UP
Kharela,4022,UP
Khargupur,4022,UP
Kharkhauda,4022,UP
Khatauli,4022,UP
Khekra,4022,UP
Kheri,4022,UP
Khudaganj,4022,UP
Khurja,4022,UP
Khutar,4022,UP
Kirakat,4022,UP
Kiraoli,4022,UP
Kiratpur,4022,UP
Kishanpur,4022,UP
Kishanpur baral,4022,UP
Kishni,4022,UP
Kithor,4022,UP
Konch,4022,UP
Kopaganj,4022,UP
Kosi,4022,UP
Kota,4022,UP
Kotra,4022,UP
Kuchesar,4022,UP
Kudarkot,4022,UP
Kulpahar,4022,UP
Kunda,4022,UP
Kundarkhi,4022,UP
Kundarki,4022,UP
Kurara,4022,UP
Kurebharsaidkhanpur,4022,UP
Kushinagar,4022,UP
Kusmara,4022,UP
Kuthaund,4022,UP
Laharpur,4022,UP
Lakhimpur,4022,UP
Lakhna,4022,UP
Lalganj,4022,UP
Lalitpur,4022,UP
Lambhua,4022,UP
Lar,4022,UP
Lawar,4022,UP
Lawar Khas,4022,UP
Loni,4022,UP
Lucknow,4022,UP
Lucknow District,4022,UP
Machhali Shahar,4022,UP
Machhlishahr,4022,UP
Madhoganj,4022,UP
Madhogarh,4022,UP
Maghar,4022,UP
Mahaban,4022,UP
Maharajganj,4022,UP
Mahmudabad,4022,UP
Mahoba,4022,UP
Maholi,4022,UP
Mahrajganj,4022,UP
Mahrajganj (Raebareli),4022,UP
Mahroni,4022,UP
Mahul,4022,UP
Mailani,4022,UP
Mainpuri,4022,UP
Majhupur,4022,UP
Makanpur,4022,UP
Malasa,4022,UP
Malihabad,4022,UP
Mandawar,4022,UP
Maniar,4022,UP
Manikpur,4022,UP
Manjhanpur,4022,UP
Mankapur,4022,UP
Marahra,4022,UP
Mariahu,4022,UP
Mataundh,4022,UP
Mathura,4022,UP
Mau,4022,UP
Mau Aima,4022,UP
Mau Aimma,4022,UP
Maudaha,4022,UP
Maurawan,4022,UP
Mawana,4022,UP
Mawar,4022,UP
Meerut,4022,UP
Mehdawal,4022,UP
Mehnagar,4022,UP
Mehndawal,4022,UP
Milak,4022,UP
Milkipur,4022,UP
Miranpur,4022,UP
Miranpur Katra,4022,UP
Mirganj,4022,UP
Mirzapur,4022,UP
Misrikh,4022,UP
Mohan,4022,UP
Mohanpur,4022,UP
Moradabad,4022,UP
Moth,4022,UP
Mubarakpur,4022,UP
Mughal Sarai,4022,UP
Muhammadabad,4022,UP
Mukteshwar,4022,UP
Mungra Badshahpur,4022,UP
Munsyari,4022,UP
Muradabad,4022,UP
Muradnagar,4022,UP
Mursan,4022,UP
Musafir-Khana,4022,UP
Musafirkhana,4022,UP
Muzaffarnagar,4022,UP
Nadigaon,4022,UP
Nagina,4022,UP
Nagla,4022,UP
Nagram,4022,UP
Najibabad,4022,UP
Nakur,4022,UP
Nanauta,4022,UP
Nandgaon,4022,UP
Nanpara,4022,UP
Narauli,4022,UP
Naraura,4022,UP
Narora,4022,UP
Naugama,4022,UP
Naurangpur,4022,UP
Nautanwa,4022,UP
Nawabganj,4022,UP
Nawabganj (Barabanki),4022,UP
Nawabganj (Bareilly),4022,UP
Newara,4022,UP
Nichlaul,4022,UP
Nigoh,4022,UP
Nihtaur,4022,UP
Niwari,4022,UP
Nizamabad,4022,UP
Noida,4022,UP
Nurpur,4022,UP
Obra,4022,UP
Orai,4022,UP
Oran,4022,UP
Pachperwa,4022,UP
Padrauna,4022,UP
Pahasu,4022,UP
Paigaon,4022,UP
Pali,4022,UP
Palia Kalan,4022,UP
Paras Rampur,4022,UP
Parichha,4022,UP
Parichhatgarh,4022,UP
Parshadepur,4022,UP
Pathakpura,4022,UP
Patiali,4022,UP
Patti,4022,UP
Pawayan,4022,UP
Payagpur,4022,UP
Phalauda,4022,UP
Phaphamau,4022,UP
Phaphund,4022,UP
Phariha,4022,UP
Pheona,4022,UP
Phulpur,4022,UP
Pichhaura,4022,UP
Pihani,4022,UP
Pilibhit,4022,UP
Pilkhua,4022,UP
Pilkhuwa,4022,UP
Pinahat,4022,UP
Pipraich,4022,UP
Pipri,4022,UP
Pratapgarh,4022,UP
Prayagraj (Allahabad),4022,UP
Pukhrayan,4022,UP
Puranpur,4022,UP
Purmafi,4022,UP
Purwa,4022,UP
Qadirganj,4022,UP
Rabupura,4022,UP
Radha Kund,4022,UP
Radhakund,4022,UP
Raebareli,4022,UP
Rajapur,4022,UP
Ramkola,4022,UP
Ramnagar,4022,UP
Rampur,4022,UP
Rampura,4022,UP
Ranipur,4022,UP
Ranipur Barsi,4022,UP
Rasra,4022,UP
Rasulabad,4022,UP
Rath,4022,UP
Raya,4022,UP
Rehar,4022,UP
Renukoot,4022,UP
Renukut,4022,UP
Reoti,4022,UP
Reotipur,4022,UP
Richha,4022,UP
Robertsganj,4022,UP
Rudarpur,4022,UP
Rudauli,4022,UP
Rura,4022,UP
Sabalpur,4022,UP
Sachendi,4022,UP
Sadabad,4022,UP
Sadat,4022,UP
Safipur,4022,UP
Saharanpur,4022,UP
Sahaspur,4022,UP
Sahaswan,4022,UP
Sahawar,4022,UP
Sahibabad,4022,UP
Sahpau,4022,UP
Saidpur,4022,UP
Sakhanu,4022,UP
Sakit,4022,UP
Salempur,4022,UP
Salon,4022,UP
Sambhal,4022,UP
Samthar,4022,UP
Sandi,4022,UP
Sandila,4022,UP
Sant Kabir Nagar,4022,UP
Sant Ravi Das Nagar,4022,UP
Sarai Akil,4022,UP
Sarai Ekdil,4022,UP
Sarai Mir,4022,UP
Sarauli,4022,UP
Sardhana,4022,UP
Sarila,4022,UP
Sarurpur,4022,UP
Sasni,4022,UP
Satrikh,4022,UP
Saurikh,4022,UP
Sector,4022,UP
Seohara,4022,UP
Shahabad,4022,UP
Shahganj,4022,UP
Shahi,4022,UP
Shahjahanpur,4022,UP
Shahpur,4022,UP
Shamli,4022,UP
Shamsabad,4022,UP
Shankargarh,4022,UP
Shergarh,4022,UP
Sherkot,4022,UP
Shibnagar,4022,UP
Shikarpur,4022,UP
Shikarpur (Bulandshahr),4022,UP
Shikohabad,4022,UP
Shishgarh,4022,UP
Shivrajpur,4022,UP
Shrawasti,4022,UP
Siddharthnagar,4022,UP
Siddhaur,4022,UP
Sidhauli,4022,UP
Sidhpura,4022,UP
Sikandarabad,4022,UP
Sikandarpur,4022,UP
Sikandra,4022,UP
Sikandra Rao,4022,UP
Sikandrabad,4022,UP
Sirathu,4022,UP
Sirsa,4022,UP
Sirsaganj,4022,UP
Sirsi,4022,UP
Sisauli,4022,UP
Siswa Bazar,4022,UP
Sitapur,4022,UP
Sonbhadra,4022,UP
Soron,4022,UP
Suar,4022,UP
Sultanpur,4022,UP
Surianwan,4022,UP
Tajpur,4022,UP
Talbahat,4022,UP
Talgram,4022,UP
Tanda,4022,UP
Terha,4022,UP
Thakurdwara,4022,UP
Thana Bhawan,4022,UP
Tigri,4022,UP
Tikaitnagar,4022,UP
Tikri,4022,UP
Tilhar,4022,UP
Tilsahri,4022,UP
Tindwari,4022,UP
Titron,4022,UP
Tori Fatehpur,4022,UP
Tori-Fatehpur,4022,UP
Tulsipur,4022,UP
Tundla,4022,UP
Ugu,4022,UP
Ujhani,4022,UP
Umri,4022,UP
Un,4022,UP
Unnao,4022,UP
Usawan,4022,UP
Usehat,4022,UP
Uska,4022,UP
Utraula,4022,UP
Varanasi,4022,UP
Vindhyachal,4022,UP
Vrindavan,4022,UP
Walterganj,4022,UP
Wazirganj,4022,UP
Yusufpur,4022,UP
Zafarabad,4022,UP
Zaidpur,4022,UP
Zamania,4022,UP
Almora,4016,UK
Bageshwar,4016,UK
Barkot,4016,UK
Bazpur,4016,UK
Bhim Tal,4016,UK
Bhowali,4016,UK
Birbhaddar,4016,UK
Chakrata,4016,UK
Chamoli,4016,UK
Champawat,4016,UK
Clement Town,4016,UK
Dehradun,4016,UK
Devaprayag,4016,UK
Dharchula,4016,UK
Doiwala,4016,UK
Dugadda,4016,UK
Dwarahat,4016,UK
Garhwal,4016,UK
Haldwani,4016,UK
Harbatpur,4016,UK
Haridwar,4016,UK
Jaspur,4016,UK
Joshimath,4016,UK
Kaladhungi,4016,UK
Kalagarh Project Colony,4016,UK
Kashipur,4016,UK
Khatima,4016,UK
Kichha,4016,UK
Kotdwara,4016,UK
Laksar,4016,UK
Lansdowne,4016,UK
Lohaghat,4016,UK
Manglaur,4016,UK
Mussoorie,4016,UK
Naini Tal,4016,UK
Narendranagar,4016,UK
Pauri,4016,UK
Pipalkoti,4016,UK
Pithoragarh,4016,UK
Raipur,4016,UK
Raiwala Bara,4016,UK
Ramnagar,4016,UK
Ranikhet,4016,UK
Rishikesh,4016,UK
Roorkee,4016,UK
Rudraprayag,4016,UK
Sitarganj,4016,UK
Srinagar,4016,UK
Sultanpur,4016,UK
Tanakpur,4016,UK
Tehri,4016,UK
Tehri-Garhwal,4016,UK
Udham Singh Nagar,4016,UK
Uttarkashi,4016,UK
Vikasnagar,4016,UK
Adra,4853,WB
Ahmedpur,4853,WB
Aistala,4853,WB
Aknapur,4853,WB
Alipurduar,4853,WB
Amlagora,4853,WB
Amta,4853,WB
Amtala,4853,WB
Andal,4853,WB
Arambagh community development block,4853,WB
Asansol,4853,WB
Ashoknagar Kalyangarh,4853,WB
Badkulla,4853,WB
Baduria,4853,WB
Bagdogra,4853,WB
Bagnan,4853,WB
Bagula,4853,WB
Bahula,4853,WB
Baidyabati,4853,WB
Bakreswar,4853,WB
Balarampur,4853,WB
Bali Chak,4853,WB
Bally,4853,WB
Balurghat,4853,WB
Bamangola community development block,4853,WB
Baneswar,4853,WB
Bangaon,4853,WB
Bankra,4853,WB
Bankura,4853,WB
Bansberia,4853,WB
Bansihari community development block,4853,WB
Barabazar,4853,WB
Baranagar,4853,WB
Barasat,4853,WB
Bardhaman,4853,WB
Barjora,4853,WB
Barrackpore,4853,WB
Baruipur,4853,WB
Basanti,4853,WB
Basirhat,4853,WB
Bawali,4853,WB
Begampur,4853,WB
Belda,4853,WB
Beldanga,4853,WB
Beliatore,4853,WB
Berhampore,4853,WB
Bhadreswar,4853,WB
Bhandardaha,4853,WB
Bhatpara,4853,WB
Birbhum district,4853,WB
Birpara,4853,WB
Bishnupur,4853,WB
Bolpur,4853,WB
Budge Budge,4853,WB
Canning,4853,WB
Chakapara,4853,WB
Chakdaha,4853,WB
Champadanga,4853,WB
Champahati,4853,WB
Champdani,4853,WB
Chandannagar,4853,WB
Chandrakona,4853,WB
Chittaranjan,4853,WB
Churulia,4853,WB
Contai,4853,WB
Cooch Behar,4853,WB
Cossimbazar,4853,WB
Dakshin Dinajpur district,4853,WB
Dalkola,4853,WB
Dam Dam,4853,WB
Darjeeling,4853,WB
Daulatpur,4853,WB
Debagram,4853,WB
Debipur,4853,WB
Dhaniakhali community development block,4853,WB
Dhulagari,4853,WB
Dhulian,4853,WB
Dhupguri,4853,WB
Diamond Harbour,4853,WB
Digha,4853,WB
Dinhata,4853,WB
Domjur,4853,WB
Dubrajpur,4853,WB
Durgapur,4853,WB
Egra,4853,WB
Falakata,4853,WB
Farakka,4853,WB
Fort Gloster,4853,WB
Gaighata community development block,4853,WB
Gairkata,4853,WB
Gangadharpur,4853,WB
Gangarampur,4853,WB
Garui,4853,WB
Garulia,4853,WB
Ghatal,4853,WB
Giria,4853,WB
Gobardanga,4853,WB
Gobindapur,4853,WB
Gopalpur,4853,WB
Gopinathpur,4853,WB
Gorubathan,4853,WB
Gosaba,4853,WB
Gosanimari,4853,WB
Gurdaha,4853,WB
Guskhara,4853,WB
Habra,4853,WB
Haldia,4853,WB
Haldibari,4853,WB
Halisahar,4853,WB
Harindanga,4853,WB
Haringhata,4853,WB
Haripur,4853,WB
Hasimara,4853,WB
Hindusthan Cables Town,4853,WB
Hooghly district,4853,WB
Howrah,4853,WB
Ichapur,4853,WB
Indpur community development block,4853,WB
Ingraj Bazar,4853,WB
Islampur,4853,WB
Jafarpur,4853,WB
Jaigaon,4853,WB
Jalpaiguri,4853,WB
Jamuria,4853,WB
Jangipur,4853,WB
Jaynagar Majilpur,4853,WB
Jejur,4853,WB
Jhalida,4853,WB
Jhargram,4853,WB
Jhilimili,4853,WB
Kakdwip,4853,WB
Kalaikunda,4853,WB
Kaliaganj,4853,WB
Kalimpong,4853,WB
Kalna,4853,WB
Kalyani,4853,WB
Kamarhati,4853,WB
Kamarpukur,4853,WB
Kanchrapara,4853,WB
Kandi,4853,WB
Karimpur,4853,WB
Katwa,4853,WB
Kenda,4853,WB
Keshabpur,4853,WB
Kharagpur,4853,WB
Kharar,4853,WB
Kharba,4853,WB
Khardaha,4853,WB
Khatra,4853,WB
Kirnahar,4853,WB
Kolkata,4853,WB
Konnagar,4853,WB
Krishnanagar,4853,WB
Krishnapur,4853,WB
Kshirpai,4853,WB
Kulpi,4853,WB
Kultali,4853,WB
Kulti,4853,WB
Kurseong,4853,WB
Lalgarh,4853,WB
Lalgola,4853,WB
Loyabad,4853,WB
Madanpur,4853,WB
Madhyamgram,4853,WB
Mahiari,4853,WB
Mahishadal community development block,4853,WB
Mainaguri,4853,WB
Manikpara,4853,WB
Masila,4853,WB
Mathabhanga,4853,WB
Matiali community development block,4853,WB
Matigara community development block,4853,WB
Medinipur,4853,WB
Mejia community development block,4853,WB
Memari,4853,WB
Mirik,4853,WB
Monoharpur,4853,WB
Muragacha,4853,WB
Muri,4853,WB
Murshidabad,4853,WB
Nabadwip,4853,WB
Nabagram,4853,WB
Nadia district,4853,WB
Nagarukhra,4853,WB
Nagrakata,4853,WB
Naihati,4853,WB
Naksalbari,4853,WB
Nalhati,4853,WB
Nalpur,4853,WB
Namkhana community development block,4853,WB
Nandigram,4853,WB
Nangi,4853,WB
Nayagram community development block,4853,WB
North 24 Parganas district,4853,WB
Odlabari,4853,WB
Paikpara,4853,WB
Panagarh,4853,WB
Panchla,4853,WB
Panchmura,4853,WB
Pandua,4853,WB
Panihati,4853,WB
Panskura,4853,WB
Parbatipur,4853,WB
Paschim Medinipur district,4853,WB
Patiram,4853,WB
Patrasaer,4853,WB
Patuli,4853,WB
Pujali,4853,WB
Puncha community development block,4853,WB
Purba Medinipur district,4853,WB
Purulia,4853,WB
Raghudebbati,4853,WB
Raghunathpur,4853,WB
Raiganj,4853,WB
Rajmahal,4853,WB
Rajnagar community development block,4853,WB
Ramchandrapur,4853,WB
Ramjibanpur,4853,WB
Ramnagar,4853,WB
Rampur Hat,4853,WB
Ranaghat,4853,WB
Raniganj,4853,WB
Raypur,4853,WB
Rishra,4853,WB
Sahapur,4853,WB
Sainthia,4853,WB
Salanpur community development block,4853,WB
Sankarpur,4853,WB
Sankrail,4853,WB
Santipur,4853,WB
Santoshpur,4853,WB
Santuri community development block,4853,WB
Sarenga,4853,WB
Serampore,4853,WB
Serpur,4853,WB
Shyamnagar West Bengal,4853,WB
Siliguri,4853,WB
Singur,4853,WB
Sodpur,4853,WB
Solap,4853,WB
Sonada,4853,WB
Sonamukhi,4853,WB
Sonarpur community development block,4853,WB
South 24 Parganas district,4853,WB
Srikhanda,4853,WB
Srirampur,4853,WB
Suri,4853,WB
Swarupnagar community development block,4853,WB
Takdah,4853,WB
Taki,4853,WB
Tamluk,4853,WB
Tarakeswar,4853,WB
Titagarh,4853,WB
Tufanganj,4853,WB
Tulin,4853,WB
Uchalan,4853,WB
Ula,4853,WB
Uluberia,4853,WB
Uttar Dinajpur district,4853,WB
Uttarpara Kotrung,4853,WB